Original,R2,Modelo,RMSE
2 * Cain / (1 + exp(-5.7 * t)),0.9999986699563869,2.002*X1 - 0.001*X2 + 0.001,2.9998725733882443
Cain * (4.1104 * exp(-6 * t) + 0.2163 - 4.3267 * exp(-5.7 * t)),0.999999899891309,X1*(-0.003024*X1 + 2.228904*X2 + 0.216*exp(5.28*X2) - 0.872)/(-0.014*X1 + 10.319*X2 + exp(5.28*X2)),0.30227329145116516
Cain * (-8.455 * exp(-5 * t) - 16.442 * exp(-6 * t) + 24.724 * exp(-5.7 * t) + 0.173),0.9996241468097665,(0.018962*X1*(0.015*X1 + 12.525*X2 - cos(3.133*X2)) + 0.001*exp(0.494*X2))*exp(-0.494*X2),0.2696623430464783
Cain * (-1 * exp(-2 * t) + 8.455 * exp(-5 * t) + 12.3315 * exp(-6 * t) - 20.045 * exp(-5.7 * t) + 0.26),0.9997475061710488,-0.152152*X1*((0.004*X1 - 1.841*X2)*exp(0.903*X2) + 1)*exp(-1.298*X2),0.33153967814009294
