Original,R2,Modelo,RMSE
2 * Cain / (1 + exp(-5.7 * t)),0.9999993427022907,2.0*X1 - 3.246*X2/(exp(-0.458*X1 + 6.384*X2) + cos(15.072*X2)) + 0.001,3.000265095973879
Cain * (4.1104 * exp(-6 * t) + 0.2163 - 4.3267 * exp(-5.7 * t)),0.999999742549603,0.061*X1*exp(5.194*X2)/(0.283045977011494*exp(5.194*X2) + 1),0.30227322696878645
Cain * (-8.455 * exp(-5 * t) - 16.442 * exp(-6 * t) + 24.724 * exp(-5.7 * t) + 0.173),0.9999999252064259,0.173*X1 - 2.058*X1*exp(-4.614*X2)*sin(0.826*X2),0.2694800883550421
Cain * (-1 * exp(-2 * t) + 8.455 * exp(-5 * t) + 12.3315 * exp(-6 * t) - 20.045 * exp(-5.7 * t) + 0.26),0.9999152036283165,0.01002*X2*(33.249*X1 - sin(4.452*X2))*exp(cos(0.874*X2))*sin(0.219*X2) - 0.001,0.33256350243501837
