Original,R2,Modelo,RMSE
2 * Cain / (1 + exp(-5.7 * t)),0.999999991884088,1.0*(1.734*X1*exp(4637360.5*X2) - 1)*(1.15384615384615*exp(5.527*X2) - 1)*exp(-4637366.027*X2),3.000379886618331
Cain * (4.1104 * exp(-6 * t) + 0.2163 - 4.3267 * exp(-5.7 * t)),0.9999885435976832,0.216*X1 - 1.0*exp(X2*(0.662806*X1 - 0.780763*X2 - 5.617*cos(0.003*X1))),0.30216962155465343
Cain * (-8.455 * exp(-5 * t) - 16.442 * exp(-6 * t) + 24.724 * exp(-5.7 * t) + 0.173),0.9999933754974426,(0.173*X1*(-0.063*X1 + 22.202*X2 + exp(4.548*X2)) - 1.744*X1 - 0.021*X2)/(-0.063*X1 + 22.202*X2 + exp(4.548*X2)),0.2696038485952441
Cain * (-1 * exp(-2 * t) + 8.455 * exp(-5 * t) + 12.3315 * exp(-6 * t) - 20.045 * exp(-5.7 * t) + 0.26),0.9998265839960475,0.065329605*X1*X2*exp(0.637*X2 + cos(1.129*X2))*sin(0.869*X2),0.3323999241874756
