Original,R2,Modelo,RMSE
2 * Cain / (1 + exp(-5.7 * t)),0.9999991559591097,2.00161*X1 - 0.00888070054116634*X1/X2**4 + 0.001,0.0019569193597273543
Cain * (4.1104 * exp(-6 * t) + 0.2163 - 4.3267 * exp(-5.7 * t)),0.9999766957581199,X1*(X2**3*(0.003436*cos(0.387*X2) + 0.21475) - 0.00704016902437747)/X2**3,0.001036172814370797
Cain * (-8.455 * exp(-5 * t) - 16.442 * exp(-6 * t) + 24.724 * exp(-5.7 * t) + 0.173),0.9995634323808641,X1*(X2*(0.251348 - 0.019050864*X2) - 0.0760112994350283)/X2,0.003977227795872578
Cain * (-1 * exp(-2 * t) + 8.455 * exp(-5 * t) + 12.3315 * exp(-6 * t) - 20.045 * exp(-5.7 * t) + 0.26),0.9994352968687056,(0.28*X1*(1.42*X2 - 0.480836236933798)*sin(sin(sin(0.662*X2))) + 0.002*X2)/X2,0.005585367910374831
