Original,R2,Modelo,RMSE
2 * Cain / (1 + exp(-5.7 * t)),0.9999749277343776,1.99456*X1 + 0.04232*X2 - 0.159 + 1.84*exp(-1.263*X2)*sin(0.455*X2)**2,0.010625699211400247
Cain * (4.1104 * exp(-6 * t) + 0.2163 - 4.3267 * exp(-5.7 * t)),0.9986399847147217,-0.00177616087503087*X1**2*X2 + 0.248253710009355*X1 - 0.0302329279700655*X1/X2 - 0.013,0.00788578584500063
Cain * (-8.455 * exp(-5 * t) - 16.442 * exp(-6 * t) + 24.724 * exp(-5.7 * t) + 0.173),0.9998834403045536,0.173689*X1 - 0.424907*X1*exp(-3.216*X2),0.0020528042410222396
Cain * (-1 * exp(-2 * t) + 8.455 * exp(-5 * t) + 12.3315 * exp(-6 * t) - 20.045 * exp(-5.7 * t) + 0.26),0.9990281356487632,(0.163184*X1 - 0.002632*X2)*(sin(0.596*X2) + cos(cos(1.259*X2)))*sin(0.583*X2) + 0.007,0.007323064892707151
