Original,R2,Modelo,RMSE
2 * Cain / (1 + exp(-5.7 * t)),0.9999824751175685,1.995*X1 + 1.596*cos(exp(-1.792*X2)) - 1.585,0.008889006173273248
Cain * (4.1104 * exp(-6 * t) + 0.2163 - 4.3267 * exp(-5.7 * t)),0.9998648209357328,0.21714*X1 - 0.003 - 0.282*exp(-9.33866037735849*X2**2/X1),0.0024816660950761375
Cain * (-8.455 * exp(-5 * t) - 16.442 * exp(-6 * t) + 24.724 * exp(-5.7 * t) + 0.173),0.9996625963038289,0.205671*X1 - 0.0191557850470842*X1*exp(0.94*X2)/X2**2,0.003494237210616382
Cain * (-1 * exp(-2 * t) + 8.455 * exp(-5 * t) + 12.3315 * exp(-6 * t) - 20.045 * exp(-5.7 * t) + 0.26),0.9986303715661019,0.020701404*X1*X2 + 0.205571*X1*sin(0.693*X2) - 0.205571*X1*exp(-2.998*X2) + 0.004,0.0087022422773236
