Original,R2,Modelo,RMSE
2 * Cain / (1 + exp(-5.7 * t)),0.9999558244977167,1.995475*X1 - 0.0302472*X2**2 + 4.071 - 4.201*exp(-0.033*X2),0.014110276025630156
Cain * (4.1104 * exp(-6 * t) + 0.2163 - 4.3267 * exp(-5.7 * t)),0.9999889919679881,0.331*X1*(1.199*X2 + 0.0213472485768501)*cos(exp(exp(-3.98*X2)))/X2,0.0007047474499936158
Cain * (-8.455 * exp(-5 * t) - 16.442 * exp(-6 * t) + 24.724 * exp(-5.7 * t) + 0.173),0.998094429468306,0.114114*X1*sin(0.16184*X2**2 + exp(cos(0.948*X2)))**2 + 0.06006*X1 - 0.001,0.008320131826773455
Cain * (-1 * exp(-2 * t) + 8.455 * exp(-5 * t) + 12.3315 * exp(-6 * t) - 20.045 * exp(-5.7 * t) + 0.26),0.999156624417827,0.272952*X1*sin(0.541*X2) - 0.017748*X1*sin(3.042*X2) - 0.002,0.006825494923501828
