Original,R2,Modelo,RMSE
2 * Cain / (1 + exp(-5.7 * t)),0.999989892419838,2.020734*X1 + 0.009762*X1/(1.221*X2 + cos(2.414*X2)) - 0.0396829268292683*X1/X2 - 0.005,0.006754954287371673
Cain * (4.1104 * exp(-6 * t) + 0.2163 - 4.3267 * exp(-5.7 * t)),0.9996665044817168,-0.001 + 8.105*exp(-exp(-3.159*X2))*sin(0.027*X1)*cos(0.063*X2),0.003912374079092952
Cain * (-8.455 * exp(-5 * t) - 16.442 * exp(-6 * t) + 24.724 * exp(-5.7 * t) + 0.173),0.9998730890274808,0.173046*X1 - 0.538919*X1*exp(-3.598*X2),0.002144216292241068
Cain * (-1 * exp(-2 * t) + 8.455 * exp(-5 * t) + 12.3315 * exp(-6 * t) - 20.045 * exp(-5.7 * t) + 0.26),0.9973088796106753,0.313335*X1 - 0.151681614349776*X1/X2 + 0.161766816143498 - 0.739910313901345*sin(0.23*X2)/X2,0.01219296076993438
