Original,R2,Modelo,RMSE
2 * Cain / (1 + exp(-5.7 * t)),0.9999916409887099,(-0.023688*X1 + (2.005584*X1 + 0.001)*(1.988*X2 - cos(1.03*X2)))/(1.988*X2 - cos(1.03*X2)),0.006150793054078808
Cain * (4.1104 * exp(-6 * t) + 0.2163 - 4.3267 * exp(-5.7 * t)),0.9999766691425215,0.215586*X1 - 0.609*exp(0.342*X1 - 5.018*X2) + 0.002,0.0010214348312205391
Cain * (-8.455 * exp(-5 * t) - 16.442 * exp(-6 * t) + 24.724 * exp(-5.7 * t) + 0.173),0.9996335197100705,0.169275*X1 - 0.0266314084001456*X1*cos(1.107*X2)/X2**2,0.0036405603176391074
Cain * (-1 * exp(-2 * t) + 8.455 * exp(-5 * t) + 12.3315 * exp(-6 * t) - 20.045 * exp(-5.7 * t) + 0.26),0.9995470733927334,X1*(0.328888*sin(0.38*X2) - 0.034496*cos(2.116*X2)),0.0050002359666008024
