Original,R2,Modelo,RMSE
2 * Cain / (1 + exp(-5.7 * t)),0.999994501890202,1.995625*X1 - 0.625*sin(exp(exp(-3.504941188*X2**3))) + 0.533,0.0049751593374134356
Cain * (4.1104 * exp(-6 * t) + 0.2163 - 4.3267 * exp(-5.7 * t)),0.9999536195645341,0.2175*X1 - 0.00626522046341193*X1/X2**3,0.0014730913606130133
Cain * (-8.455 * exp(-5 * t) - 16.442 * exp(-6 * t) + 24.724 * exp(-5.7 * t) + 0.173),0.9990206734464002,X1*(-0.003215718*X2 + 0.24436 - 0.0521499999999999/sin(sin(0.716*X2))),0.005956648060236023
Cain * (-1 * exp(-2 * t) + 8.455 * exp(-5 * t) + 12.3315 * exp(-6 * t) - 20.045 * exp(-5.7 * t) + 0.26),0.9986649056647567,0.386739*X1*sin(sin(0.604*X2)) - 0.06984*X1 + 0.004,0.008582423899025436
