Original,R2,Modelo,RMSE
2 * Cain / (1 + exp(-5.7 * t)),0.9999953550932323,2.00305*X1 - 0.0114529637455462*X1/X2**3 - 0.001,0.004576784592593647
Cain * (4.1104 * exp(-6 * t) + 0.2163 - 4.3267 * exp(-5.7 * t)),0.9999922087481468,0.216216*X1 - 0.124552661381653*X1*exp(-3.293*X2)/X2,0.0006085461946394294
Cain * (-8.455 * exp(-5 * t) - 16.442 * exp(-6 * t) + 24.724 * exp(-5.7 * t) + 0.173),0.999888984912582,(-0.4015*X1 + 0.135371565*X2**2 + (0.1752*X1 - 0.004)*exp(3.056*X2))*exp(-3.056*X2),0.0020053288418459886
Cain * (-1 * exp(-2 * t) + 8.455 * exp(-5 * t) + 12.3315 * exp(-6 * t) - 20.045 * exp(-5.7 * t) + 0.26),0.9969579230111413,-0.0310077365602063*X1*sin(0.104*X1)/X2**2 + 2.552*sin(0.104*X1)*sin(0.633*X2) - 0.008,0.01295013719654783
