Original,R2,Modelo,RMSE
2 * Cain / (1 + exp(-5.7 * t)),0.9999933206013188,2.009016*X1 + 3.144*cos(0.0438083045942742*X1/X2**2) - 3.17 + 0.00652282157676349*X2/X1,0.0054978202361964145
Cain * (4.1104 * exp(-6 * t) + 0.2163 - 4.3267 * exp(-5.7 * t)),0.9999952707472538,0.216496*X1 - 0.425936*X1*exp(-4.47*X2),0.0004795844018314696
Cain * (-8.455 * exp(-5 * t) - 16.442 * exp(-6 * t) + 24.724 * exp(-5.7 * t) + 0.173),0.9995122548548712,X1*(0.184272*X2 - 0.0211823008849558/sin(0.85*X2))/X2,0.004207571387750037
Cain * (-1 * exp(-2 * t) + 8.455 * exp(-5 * t) + 12.3315 * exp(-6 * t) - 20.045 * exp(-5.7 * t) + 0.26),0.9988803056104513,0.39798*X1*sin(sin(0.629*X2)) - 0.081*X1 + 0.004,0.007866001589163724
