Original,R2,Modelo,RMSE
2 * Cain / (1 + exp(-5.7 * t)),0.9999999033206621,(-4.009725*X2*(1.021*X1 - 1.241*X2 + sin(1.772*X2)) + (1.999431*X1 - 0.001)*exp(6.283*X2))*exp(-6.283*X2),0.0006661148375047098
Cain * (4.1104 * exp(-6 * t) + 0.2163 - 4.3267 * exp(-5.7 * t)),0.9999534939414867,0.21907875*X1 - 0.00630440242469603*X1/X2**3,0.0014730913606130133
Cain * (-8.455 * exp(-5 * t) - 16.442 * exp(-6 * t) + 24.724 * exp(-5.7 * t) + 0.173),0.9988188589335583,0.17248*X1 - 0.44*exp(0.416*X1 - 3.565*X2) + 0.002,0.006542781819128849
Cain * (-1 * exp(-2 * t) + 8.455 * exp(-5 * t) + 12.3315 * exp(-6 * t) - 20.045 * exp(-5.7 * t) + 0.26),0.998450784294587,0.296835*X1*sin(0.593*X2) - 0.03339*X1 + 0.09513*X2*exp(sin(cos(0.936*X2))) - 0.139,0.009244778592260548
