Original,R2,Modelo,RMSE
2 * Cain / (1 + exp(-5.7 * t)),0.9999819382101144,1.996208*X1 + 0.358*cos(2*exp(-1.681*X2)) - 0.347,0.009032727005557396
Cain * (4.1104 * exp(-6 * t) + 0.2163 - 4.3267 * exp(-5.7 * t)),0.9999865645695118,0.215847*X1*cos(exp(-1.758442*X2**2)),0.0007754541559511207
Cain * (-8.455 * exp(-5 * t) - 16.442 * exp(-6 * t) + 24.724 * exp(-5.7 * t) + 0.173),0.9985433556691922,0.172144*X1 - 0.464*exp(0.395*X1 - 3.549*X2) + 0.003,0.007264295864670916
Cain * (-1 * exp(-2 * t) + 8.455 * exp(-5 * t) + 12.3315 * exp(-6 * t) - 20.045 * exp(-5.7 * t) + 0.26),0.9998752917277491,X1*(-0.216603*exp(-1.077*X2 - sin(1.766*X2)) + 0.291879*sin(0.638*X2)),0.002630778416102662
