Original,R2,Modelo,RMSE
2 * Cain / (1 + exp(-5.7 * t)),0.9999823254565455,1.995664*X1 - 0.001233283*X2**2 + 0.019 - 0.667*exp(-3.16*X2),0.008914246154394644
Cain * (4.1104 * exp(-6 * t) + 0.2163 - 4.3267 * exp(-5.7 * t)),0.9999602811956394,0.216596*X1 - 0.35056*X1*exp(-4.173*X2),0.0013554780700137177
Cain * (-8.455 * exp(-5 * t) - 16.442 * exp(-6 * t) + 24.724 * exp(-5.7 * t) + 0.173),0.9992880208473257,0.17472*X1 - 0.0336201591646684*X1*exp(-0.635*X2)/X2**2,0.005090740133419795
Cain * (-1 * exp(-2 * t) + 8.455 * exp(-5 * t) + 12.3315 * exp(-6 * t) - 20.045 * exp(-5.7 * t) + 0.26),0.9997645131826297,0.27579944*X1*X2*exp(-0.391*X2) - 0.1587*X1*exp(-1.371*X2) + 0.001,0.003604902236679628
