Original,R2,Modelo,RMSE
2 * Cain / (1 + exp(-5.7 * t)),0.9999736742049329,1.995669*X1 + 0.066384*X2*cos(1.052*X2) + 0.132768*X2 - 0.184,0.010892651841513692
Cain * (4.1104 * exp(-6 * t) + 0.2163 - 4.3267 * exp(-5.7 * t)),0.999612747428343,X1*(X2*(0.256865 - 0.01009256*X2) - 0.037634130575307)/X2,0.00420622202590007
Cain * (-8.455 * exp(-5 * t) - 16.442 * exp(-6 * t) + 24.724 * exp(-5.7 * t) + 0.173),0.9926911015779493,0.031*(1.71*X1 + sin(0.744*X1))*(0.365*X1 + 0.383*X2 + sin(0.959*X2)) + 0.03,0.016289411794271312
Cain * (-1 * exp(-2 * t) + 8.455 * exp(-5 * t) + 12.3315 * exp(-6 * t) - 20.045 * exp(-5.7 * t) + 0.26),0.998251995222764,0.096085962*X1*X2 + 0.077224*X1*sin(0.721*X2)*sin(1.181*X2) - 0.006,0.009824269187453218
