Original,R2,Modelo,RMSE
2 * Cain / (1 + exp(-5.7 * t)),0.9999983044915769,2.00064*X1 + 1.28*cos(exp(-2.229*X2 + sin(0.239*X1))) - 1.277,0.0027738060529294136
Cain * (4.1104 * exp(-6 * t) + 0.2163 - 4.3267 * exp(-5.7 * t)),0.9998368835582373,0.217083*X1 - 0.269*exp(-0.469224*X2**2 - 7.69844444444444*X2**2/X1) - 0.003,0.002734347259040408
Cain * (-8.455 * exp(-5 * t) - 16.442 * exp(-6 * t) + 24.724 * exp(-5.7 * t) + 0.173),0.9991346383685622,(0.037464*X1*(6.799*X2 - cos(1.614*X2)**2) + 0.005*exp(0.519*X2))*exp(-0.519*X2),0.005613734296385465
Cain * (-1 * exp(-2 * t) + 8.455 * exp(-5 * t) + 12.3315 * exp(-6 * t) - 20.045 * exp(-5.7 * t) + 0.26),0.9994076664921069,2.843*sin(0.116*X1)*sin(0.601*X2)*sin(sin(0.434*X2 + sin(0.83*X2))) - 0.009,0.0057270431937331496
