Original,R2,Modelo,RMSE
2 * Cain / (1 + exp(-5.7 * t)),0.9999997863955982,2.005425*X1 - 8.49504384292794*exp(-3.887*X2)*sin(0.045*X1)/X2,0.0009923010386741914
Cain * (4.1104 * exp(-6 * t) + 0.2163 - 4.3267 * exp(-5.7 * t)),0.9999988541644232,0.2163*X1 - 0.490486*X1*exp(-4.71*X2),0.00023593529572786504
Cain * (-8.455 * exp(-5 * t) - 16.442 * exp(-6 * t) + 24.724 * exp(-5.7 * t) + 0.173),0.9990446855425346,0.177525*X1 - 0.0263304790110739*X1*exp(-0.201*X2)/X2**2,0.005893385525754692
Cain * (-1 * exp(-2 * t) + 8.455 * exp(-5 * t) + 12.3315 * exp(-6 * t) - 20.045 * exp(-5.7 * t) + 0.26),0.9996566230988378,0.12740637*X1*X2 + 0.10283*X1*sin(1.197*X2) - 0.08177*X1 + 0.002,0.004356409567459113
