Original,R2,Modelo,RMSE
2 * Cain / (1 + exp(-5.7 * t)),0.9999994643685874,(1.995136*X1 + 0.480921212121212)*cos(exp(-2.456*X2)) - 0.513,0.0015655515460848857
Cain * (4.1104 * exp(-6 * t) + 0.2163 - 4.3267 * exp(-5.7 * t)),0.999870267355873,0.21723*X1 - 0.195*exp(exp(-8.0091037735849*X2**2/X1)) + 0.192,0.002433444098718326
Cain * (-8.455 * exp(-5 * t) - 16.442 * exp(-6 * t) + 24.724 * exp(-5.7 * t) + 0.173),0.9996990443813132,0.173316*X1 - 0.122008*X1*exp(-1.999396*X2**2) - 0.001,0.0033109414209940187
Cain * (-1 * exp(-2 * t) + 8.455 * exp(-5 * t) + 12.3315 * exp(-6 * t) - 20.045 * exp(-5.7 * t) + 0.26),0.9992139309992228,X1*(0.200520624*X2*cos(sin(0.512*X2)**2) - 0.055016),0.0065882735382308145
