Original,R2,Modelo,RMSE
2 * Cain / (1 + exp(-5.7 * t)),0.9999614146141941,1.999525*X1 - 0.034617231*X2**2 + 0.14542*X2 - 7.271*cos(9.927332496e-5*X2**6) + 7.135,0.013188511214815237
Cain * (4.1104 * exp(-6 * t) + 0.2163 - 4.3267 * exp(-5.7 * t)),0.9999534612732415,0.2178*X1 - 0.00628763545881491*X1/X2**3,0.0014730913606130133
Cain * (-8.455 * exp(-5 * t) - 16.442 * exp(-6 * t) + 24.724 * exp(-5.7 * t) + 0.173),0.9988136244390566,0.178851606901725*X1 - 0.0236432734557266*X1/X2**2,0.006570207338221451
Cain * (-1 * exp(-2 * t) + 8.455 * exp(-5 * t) + 12.3315 * exp(-6 * t) - 20.045 * exp(-5.7 * t) + 0.26),0.998580001944635,-0.04095*X1*sin(0.232334240655959/X2**3) + 0.255892*X1*sin(0.63*X2) + 0.005,0.008854584778339702
