Original,R2,Modelo,RMSE
2 * Cain / (1 + exp(-5.7 * t)),0.9999932272437779,1.99947*X1 + 0.002 - 1.095*exp(-3.396*X2) + 0.299753627155762*exp(-2.551*X2)/X1,0.005537566909084644
Cain * (4.1104 * exp(-6 * t) + 0.2163 - 4.3267 * exp(-5.7 * t)),0.9999379239249643,(0.216189*X1 - 0.000314*X2)*exp(-exp(-0.958*X2*exp(exp(0.318*X2)))),0.001687796286169358
Cain * (-8.455 * exp(-5 * t) - 16.442 * exp(-6 * t) + 24.724 * exp(-5.7 * t) + 0.173),0.9995025152219685,0.184224*X1 - 0.024824179077055*X1/(X2**2*cos(0.458*X2)),0.00425672045431713
Cain * (-1 * exp(-2 * t) + 8.455 * exp(-5 * t) + 12.3315 * exp(-6 * t) - 20.045 * exp(-5.7 * t) + 0.26),0.9985268651143189,0.255482*X1*sin(0.635*X2) - 0.0302585034013605*X1*exp(-1.334025*X2**2)/X2 + 0.003,0.009006978164275403
