Original,R2,Modelo,RMSE
2 * Cain / (1 + exp(-5.7 * t)),0.9999772302922877,1.992782*X1 + 0.058366*X2 + 0.529463*X2*exp(-0.824*X2) - 0.305,0.010129817149353952
Cain * (4.1104 * exp(-6 * t) + 0.2163 - 4.3267 * exp(-5.7 * t)),0.9999869536139254,0.2163*X1 - 0.102747404844291*X1*exp(-2.954*X2)/X2,0.0007797471058429694
Cain * (-8.455 * exp(-5 * t) - 16.442 * exp(-6 * t) + 24.724 * exp(-5.7 * t) + 0.173),0.9991687418524222,X1*(X2**2*(0.068074590078*X2 + 0.047729682) - 0.0117529411764706)/(X2**2*(0.389367*X2 + 0.273)),0.005490781094985008
Cain * (-1 * exp(-2 * t) + 8.455 * exp(-5 * t) + 12.3315 * exp(-6 * t) - 20.045 * exp(-5.7 * t) + 0.26),0.9988399563453554,0.401402*X1*sin(sin(0.63*X2)) - 0.0838*X1 + 0.005,0.00799377222283383
