Original,R2,Modelo,RMSE
2 * Cain / (1 + exp(-5.7 * t)),0.9999990113784784,2.000377*X1 - 0.0085023846648861*X1/X2**4 + 0.001,0.002117519949798401
Cain * (4.1104 * exp(-6 * t) + 0.2163 - 4.3267 * exp(-5.7 * t)),0.999613046695337,X1*(X2*(0.257004 - 0.010121096*X2) - 0.0377231968810916)/X2,0.00421085621705494
Cain * (-8.455 * exp(-5 * t) - 16.442 * exp(-6 * t) + 24.724 * exp(-5.7 * t) + 0.173),0.9999571497223196,0.173019*X1 - 0.0616478646253022*X1/(X2*(0.045796*X2**2 - exp(0.743044*X2**2))**2),0.0012459279037975433
Cain * (-1 * exp(-2 * t) + 8.455 * exp(-5 * t) + 12.3315 * exp(-6 * t) - 20.045 * exp(-5.7 * t) + 0.26),0.9993822891615892,0.337444*X1*sin(cos(exp(-0.843*X2)) - exp(-0.784*X2)) + 0.058*sin(0.885*X2) - 0.046,0.005849701796375687
