Original,R2,Modelo,RMSE
2 * Cain / (1 + exp(-5.7 * t)),0.9999932568083032,2.008335*X1 + 0.126945*X1/((0.466*X1 - 9.412624*X2**2)*cos(0.434*X2)) - 0.005,0.005520929763467083
Cain * (4.1104 * exp(-6 * t) + 0.2163 - 4.3267 * exp(-5.7 * t)),0.9999937193487393,0.216056*X1 - 0.0233670129266946*X1*exp(-1.103*X2)*cos(0.922*X2)/X2**2,0.0005579720189269229
Cain * (-8.455 * exp(-5 * t) - 16.442 * exp(-6 * t) + 24.724 * exp(-5.7 * t) + 0.173),0.9992798793617119,X1*(0.1691*X2**2 + 0.026147174034695*X2 - 0.0366573803918123)/X2**2,0.005110871725530502
Cain * (-1 * exp(-2 * t) + 8.455 * exp(-5 * t) + 12.3315 * exp(-6 * t) - 20.045 * exp(-5.7 * t) + 0.26),0.9960798545333553,0.584*(0.521*X1 + cos(sin(0.573*X2)))*sin(sin(0.547*X2)) - 0.264,0.01471709901959799
