Original,R2,Modelo,RMSE
2 * Cain / (1 + exp(-5.7 * t)),0.9999993766080675,(0.001*X2 + 56.1976495726496*(1.328*X1 - sin(0.00569999746342791*X1/X2**4))*sin(0.027*X2))/X2,0.0016775948473036406
Cain * (4.1104 * exp(-6 * t) + 0.2163 - 4.3267 * exp(-5.7 * t)),0.9999536069495137,0.216996*X1 - 0.00626243522150993*X1/X2**3,0.0014730913606130133
Cain * (-8.455 * exp(-5 * t) - 16.442 * exp(-6 * t) + 24.724 * exp(-5.7 * t) + 0.173),0.9988149496709842,0.179452*X1 - 0.0237381832753502*X1/X2**2,0.006568659506820665
Cain * (-1 * exp(-2 * t) + 8.455 * exp(-5 * t) + 12.3315 * exp(-6 * t) - 20.045 * exp(-5.7 * t) + 0.26),0.99996280865467,-1.377462*X1*sin(exp(exp(-1.789*X2))) + 1.42158*X1 - 0.002,0.0014273506988834522
