Original,R2,Modelo,RMSE
2 * Cain / (1 + exp(-5.7 * t)),0.9999990057916875,2.000448*X1 - 0.00839432649194554*X1/X2**4 + 0.001,0.0021212999540683197
Cain * (4.1104 * exp(-6 * t) + 0.2163 - 4.3267 * exp(-5.7 * t)),0.9999787484797746,0.216795*X1 - 0.374735*X1*exp(-4.266*X2),0.000988937991191261
Cain * (-8.455 * exp(-5 * t) - 16.442 * exp(-6 * t) + 24.724 * exp(-5.7 * t) + 0.173),0.9988136332612552,0.178339*X1 - 1.81321410829608*sin(0.013*X1)/X2**2,0.006570207338221451
Cain * (-1 * exp(-2 * t) + 8.455 * exp(-5 * t) + 12.3315 * exp(-6 * t) - 20.045 * exp(-5.7 * t) + 0.26),0.9982601552850616,0.181573944*X1*X2*cos(0.33*X2) - 0.043462*X1 - 0.031*cos(2.51*X2) + 0.007,0.009796498354722632
