Original,R2,Modelo,RMSE
2 * Cain / (1 + exp(-5.7 * t)),0.9999999966340578,2.001138*X1 - 1.800946*X1*exp(-5.581*X2),0.00013291121273800488
Cain * (4.1104 * exp(-6 * t) + 0.2163 - 4.3267 * exp(-5.7 * t)),0.9999296961813877,0.214248018168054*X1 - 0.013527728894875*X1*cos(1.318*X2)/X2**2,0.0017946195956069521
Cain * (-8.455 * exp(-5 * t) - 16.442 * exp(-6 * t) + 24.724 * exp(-5.7 * t) + 0.173),0.9991669905366042,X1*(X2**2*(0.173967792768*X2 + 0.125517888) - 0.0304288052373159)/(X2**2*(0.995148*X2 + 0.718)),0.00551219984403841
Cain * (-1 * exp(-2 * t) + 8.455 * exp(-5 * t) + 12.3315 * exp(-6 * t) - 20.045 * exp(-5.7 * t) + 0.26),0.9977664994782715,0.257762*X1*sin(0.624*X2) + 0.718*cos(exp(-X2*(0.634 + 6.43405977858964*X2/X1**2))) - 0.718,0.011102340672602155
