Original,R2,Modelo,RMSE
2 * Cain / (1 + exp(-5.7 * t)),0.9999568882032627,1.992672*X1 + 0.135864*X2 + 7.548*cos(0.094*X2) - 7.548*cos(0.004225*X2**2) - 0.131,0.013939349351660977
Cain * (4.1104 * exp(-6 * t) + 0.2163 - 4.3267 * exp(-5.7 * t)),0.9999533442666029,0.217306*X1 - 0.00627001852282567*X1/X2**3,0.001472072593298303
Cain * (-8.455 * exp(-5 * t) - 16.442 * exp(-6 * t) + 24.724 * exp(-5.7 * t) + 0.173),0.9995063841177232,0.023688*X1*exp(2*cos(exp(-1.18105*X2**2))) - 0.001,0.004224807955168192
Cain * (-1 * exp(-2 * t) + 8.455 * exp(-5 * t) + 12.3315 * exp(-6 * t) - 20.045 * exp(-5.7 * t) + 0.26),0.9997013823805694,0.205501296*X1*X2*(sin(0.13*X2) + sin(0.236*X2))*exp(cos(0.878*X2)) - 0.001,0.004063291753618038
