Original,R2,Modelo,RMSE
2 * Cain / (1 + exp(-5.7 * t)),0.9999839021556636,2.004402*X1 - 0.0121833333333333*X1/X2 + 1.462*cos(exp(-2.074*X2)) - 1.457,0.008524779810372014
Cain * (4.1104 * exp(-6 * t) + 0.2163 - 4.3267 * exp(-5.7 * t)),0.9999314489457879,0.216527*X1 - 0.293*exp(cos(cos(sin(exp(cos(exp(0.293*X1 - 2.229*X2))))))) + 0.538,0.0017615290437943442
Cain * (-8.455 * exp(-5 * t) - 16.442 * exp(-6 * t) + 24.724 * exp(-5.7 * t) + 0.173),0.9996279940017206,0.18414*X1*cos(0.111*X2) - 0.0258859784283513*X1/X2**2,0.0036822085732300947
Cain * (-1 * exp(-2 * t) + 8.455 * exp(-5 * t) + 12.3315 * exp(-6 * t) - 20.045 * exp(-5.7 * t) + 0.26),0.9987764127950104,0.25506*X1*sin(0.632*X2) - 0.07293*X1*exp(-2.150738*X2**2) + 0.004,0.008224537766076135
