Original,R2,Modelo,RMSE
2 * Cain / (1 + exp(-5.7 * t)),0.9999854943816976,1.931798*X1 + X2*(0.073432416*X1 + 0.096368)*cos(sin(0.486*X2))**2 - 0.085,0.008075558719709787
Cain * (4.1104 * exp(-6 * t) + 0.2163 - 4.3267 * exp(-5.7 * t)),0.9999483627563571,(-0.0197544827586207*X1 + X2**2*(0.217107*X1 - 0.007)*(1.595169*X2 + 0.725) + 0.023925*X2**2)/(X2**2*(1.595169*X2 + 0.725)),0.0015508025104158313
Cain * (-8.455 * exp(-5 * t) - 16.442 * exp(-6 * t) + 24.724 * exp(-5.7 * t) + 0.173),0.9988853180355954,X1*(0.175236*X2**3 - 0.0108310790344986*X2 - 0.00759542709291627)/X2**3,0.0063584336347394564
Cain * (-1 * exp(-2 * t) + 8.455 * exp(-5 * t) + 12.3315 * exp(-6 * t) - 20.045 * exp(-5.7 * t) + 0.26),0.9997919120408283,X1*(0.311308*sin(0.506*X2) - 0.0253025*cos(2.274*X2) - 0.0253025),0.0034043575597331264
