Original,R2,Modelo,RMSE
6 * sin(x1) * cos(x2),0.9539779520800843,2.06866197183099*(0.024*X1 + cos(1.0*X2) + cos(0.024*X1 + 1.571))*(X2*(2.899*X1 - 0.001)*exp(24.468*X2) + X2 + 0.000886524822695036*exp(24.468*X2)*sin(2.357*X1))*exp(-24.468*X2)*sin(1.0*X1)/(X1*X2),4.368642409082043
