Original,R2,Modelo,RMSE
6 * sin(x1) * cos(x2),0.9999999997784731,-1.0*sin(0.976*X1 + 1.018*X2) + 3.003003003003*sin(0.988*X1 + 1.009*X2) + 2.0*sin(0.999*X1 - 1.0*X2) + 1.0*sin(1.002*X1 - 1.001*X2) + 1.0*sin(1.012*X1 + 0.991*X2),4.24262401660212
