Original,R2,Modelo,RMSE
6 * sin(x1) * cos(x2),0.9999999995293135,-1.0*sin(0.113*X1 + sin(sin(0.37*X1 + 1.346*X2) - sin(0.37*X1 + 1.347*X2))) + 3.0*sin(1.0*X1 - 1.0*X2) + 3.0*sin(1.0*X1 + 1.0*X2) + 3.0*sin(0.351*sin(0.108*X1)),4.24262047035261
