Original,R2,Modelo,RMSE
6 * sin(x1) * cos(x2),0.9999877225951644,1.0*((cos(0.376*X1) + 0.725)*(3.462*X1 - 0.001*X2 + 0.077)*exp(0.011*X2)*cos(0.5*X1)*cos(1.0*X2) + (0.047*X1 + 0.001*X2 - 0.135)*cos(0.034*X2)*cos(0.997*X2))*exp(-0.011*X2),4.243735638594266
