Original,R2,Modelo,RMSE
6 * sin(x1) * cos(x2),0.9378526204607864,1.24625627440059*exp(50.978*X2)*sin(1.0*X1 + 1.0*sin(exp(-50.385*X2)))*cos(1.0*X2)/(0.207*exp(50.978*X2) + 1),4.173789106990192
