Original,R2,Modelo,RMSE
6 * sin(x1) * cos(x2),0.9999976755409127,X1*(0.0536105539840128*X1**4 - 0.819880162950514*X1**3 + 3.11785124720879*X1**2 + 2.33166580676775*X1 - 17.9064855958685)*cos(1.0*X2)/((0.164*X1 - 4.636)*cos(cos(0.189*X1 - 3.655))),4.242043335291577
