Original,R2,Modelo,RMSE
6 * sin(x1) * cos(x2),0.9605407321808936,((-1.0*(sin(2.586*X1 + 4.64132552995396)*cos((0.453*X1 + sin(1.012*X1))*cos(0.772*X2)) + 6.489)*sin((0.015*X1 - sin(0.955*X1 + 0.007*X2))*cos(1.002*X2)) + 0.001)*exp(1.486*X2) - 1.0*(0.445*X1 - 0.82*X2 + sin(1.918*X1 - 3.443*X2))*sin(1.442*X1 + 2.47*X2))*exp(-1.486*X2),4.331895663540757
