Original,R2,Modelo,RMSE
6 * sin(x1) * cos(x2),0.9999863989899237,-5.893*exp(0.009*X1)*cos(1.0*X2)*cos(0.703*X1 - 17.28*exp(-0.018*X1)) + 0.013*exp(0.509*X1)*cos(1.0*X2) + 1.0*cos(3.144*exp(0.004*X1)) + 0.999,4.241485268887212
