Original,R2,Modelo,RMSE
6 * sin(x1) * cos(x2),0.9999999795726913,6.00844862691396*sin(1.0*X1)*cos(1.0*X2),4.242646191010605
