Original,R2,Modelo,RMSE
6 * sin(x1) * cos(x2),0.9999999999356739,6.00892378048781*exp(0.001*X2)*sin(1.0*X1 + 6.41975527898214)*cos(1.0*X2)/(0.001*X2*exp(0.001*X2) + 1),4.242621786853035
