Original,R2,Modelo,RMSE
6 * sin(x1) * cos(x2),0.983613054282704,(0.076*X1*(-0.251*X1*(14.113*X1 - 182.977) + 32.214*X1 + 0.017*X2) - 7.839*X1 - 25.418)*sin((0.163*X1 - sin(X1*(0.04440744*X1 - 0.06598746)))*sin(0.999*X2 + 4.714)) - 0.001,4.2979240639747776
