Original,R2,Modelo,RMSE
6 * sin(x1) * cos(x2),0.9999995822069184,(3.0*X2*((sin(0.012*X1 + 0.678*X2) - sin(0.678*X2 + sin(0.012*X1 - 12.566)))*sin((4.44147157190636*X1 + 3.23745819397993*X2)/X2) + sin((7.88879948249475e-6*X2 - 0.0142787270633155)/X2) + sin(1.0*X1 + 1.0*X2) - sin(1.0*X1 - 1.0*X2 + 9.425)) + 0.0423031727379553)/X2,4.242624644526773
