Original,R2,Modelo,RMSE
6 * sin(x1) * cos(x2),0.9999999999778618,6.0*sin(1.0*X1)*cos(1.0*X2),4.242620331874113
