Original,R2,Modelo,RMSE
6 * sin(x1) * cos(x2),0.999999928955267,2.00035920461834*sin(0.994*X1 + 1.003*X2) + 2.994381*sin(1.0*X1 - 1.0*X2) + 1.0*sin(1.013*X1 + 0.995*X2),4.242537702486765
