Original,R2,Modelo,RMSE
6 * sin(x1) * cos(x2),0.9999996510280863,-0.0447513105740954*X2 - 1.0*(0.038*X2 - cos(1.0*X1 - 0.998*X2))*(0.003*X1 - 0.009*X2 + cos(0.029*X1 - 0.019*X2) - 2.1) + 1.0*cos(1.0*X1 + 1.0*X2) - 3.19652218386396*cos(0.999*X1 - 0.997*X2 + 14.489) + 3.16455696202532*cos(1.0*X1 + 1.0*X2 - 1.893),4.242821189569579
