Original,R2,Modelo,RMSE
6 * sin(x1) * cos(x2),-4.380696689024911,-0.266*X1*exp(-5.53*X2) + 15.371*X2*exp(-5.53*X2) + 4.0*sin(1.0*X1 + 0.999*X2) - 1.0*sin(1.001*X1 + 0.996*X2) - 3.0*sin(1.0*X1 - 1.0*X2 + 9.42532005689901) - 4.0*exp(-4.348*X2) + 1.94931773879142*exp(-5.53*X2)*cos(0.372*X1 + 2.481*X2)/X2,7.850450909643284
