Original,R2,Modelo,RMSE
6 * sin(x1) * cos(x2),-3.1088937700985744,5.999262*(exp(41.55*X2)*cos(1.0*X2) + 1)*exp(-41.55*X2 - 7.54217466816677e-6*exp(-sin(0.275*X1 + 1.586*X2)))*sin(1.0*X1),8.01390712620017
