Original,R2,Modelo,RMSE
6 * sin(x1) * cos(x2),-838022.9357273411,0.245*X1 + 1.0*exp(0.192*X2) + 1.0*exp(1.611*X1 - 24.838*X2) - 2.924*exp(0.017*X1 + 0.049*X2 - cos(0.187*X1 + 0.22*X2)) + 2.924*sin(1.011*X1 - 1.007*X2) + 2.924*cos(0.774*X1 + 0.77*X2) - 1.0*cos(1.251*X1 + 1.292*X2) + 1.0*cos(0.732*X1 + 0.758*X2 + 4.651) + 0.545,2746.0370934504085
