Original,R2,Modelo,RMSE
6 * sin(x1) * cos(x2),-5.437806462782498,(3.725269*exp(12.881*X2) - 1.0*exp(25.552*X2)*sin(1.0*X1 + 3.142)*cos(1.0*X2) + 22.307)*exp(-12.671*X2)/(0.167*exp(12.881*X2) + 1),8.619401897787299
