Original,R2,Modelo,RMSE
6 * sin(x1) * cos(x2),-1.969208384693844,3.00116335950493*exp(-15.6283306727127*X1 + 2.78430975818862*exp(-1.412*X2)) - 3.00116335950493*sin(-1.0*X1 + 1.0*X2 + 6.283) - 3.00116335950493*sin(1.0*X1 + 1.0*X2 + 3.142 + exp(-14.247*X1)),6.676939699342015
