Original,R2,Modelo,RMSE
6 * sin(x1) * cos(x2),0.9981450503104554,((0.04004*X2*(0.120564*X1*X2 - 16.122)*exp(0.059*X2) + 18.5251733333333*exp(0.059*X2) - 13.3466666666667)*sin(1.002*X1)*cos(1.012167*X2) + (0.014510496*X2**2 - 1.001*sin(0.311112*X2*sin(cos(0.384*X1))) + 1.001*sin(cos(0.319*X1)) - 0.373371)*exp(0.059*X2))*exp(-0.059*X2),4.23842018409218
