Original,R2,Modelo,RMSE
6 * sin(x1) * cos(x2),0.9999999998597431,-5.99920508744038*(2.95535650476004e-6*X2 + exp(0.519*X1 + cos(1.444*X2))*sin(1.0*X1) - 2.15416097421549e-6)*exp(-0.519*X1 - cos(1.444*X2))*cos(1.0*X2 + 3.142),4.242618179965931
