Original,R2,Modelo,RMSE
6 * sin(x1) * cos(x2),0.9358432640339802,14.01*exp(2430756.585488*X2 + 1.11893196064551e-5/X2**2)*sin(0.0587891360973079*sin(1.0*X1)*cos(1.0*X2))/(exp(1.11893196064551e-5/X2**2) + 0.13728720483251*exp(2430756.585488*X2)),4.173982239367924
