Original,R2,Modelo,RMSE
6 * sin(x1) * cos(x2),0.9888080556085347,1.0*(((6.001*exp(5.843*X2) + 0.98710010101385)*sin(1.0*X1) - 0.001*exp(5.843*X2))*exp(6.308*X2)*sin((0.859*X2 + (0.141*X2 + 1.571)*sin(0.001*X2 + 1.601))/sin(0.001*X2 + 1.601)) - exp(5.843*X2))*exp(-12.151*X2),4.296384475106716
