Original,R2,Modelo,RMSE
6 * sin(x1) * cos(x2),0.9999999858000824,1176.2*sin(1.0*X1)*sin(0.006*X2)*cos(1.0*X2)/X2,4.242639452419302
