Original,R2,Modelo,RMSE
6 * sin(x1) * cos(x2),0.9880822487511535,0.128320287437444*(X2*(0.002*X2 + 1.535)*(sin(0.257*X1 + 1.846*X2) + 143.492)*(0.106*sin(0.998*X1 - 0.999*X2) + 0.037) + (0.397 - 0.002*X2)*(sin(1.001*X1 + 0.999*X2) - 0.35)*(0.336*X1 - 4.918*X2*sin(0.045*X1 - 0.111*X2) + 58.223*X2))/X2,4.234242578142816
