Original,R2,Modelo,RMSE
6 * sin(x1) * cos(x2),0.9233570759607203,0.208104*X1 + 1.334*sin(0.894*X1 + 1.156*X2) + 1.334*sin(0.996*X1 - 1.013*X2) + 1.334*sin(1.088*X1 - 1.085*X2) - 1.334*cos(0.954*X1 + 1.204*X2 + 7.547) - 1.334*cos(cos(0.158*X1 - 1.595*X2)) + 0.753427999999999,4.120172889925541
