Original,R2,Modelo,RMSE
6 * sin(x1) * cos(x2),0.9255249703842525,-2.801*sin(-1.029*X1 + 1.017*X2 + sin(exp(-4.309567*X1*X2))) + 2.801*sin(0.932*X1 + 1.208*X2 + 5.182 + exp(-0.077*X2)) + 0.186,4.18779799532087
