Original,R2,Modelo
6 * sin(x1) * cos(x2),0.9999999999778618,6.0*sin(1.0*X1)*cos(1.0*X2)
6 * sin(x1) * cos(x2),0.999999999935674,6.00892378048781*exp(0.001*X2)*sin(1.0*X1 + 6.41975527898214)*cos(1.0*X2)/(0.001*X2*exp(0.001*X2) + 1)
6 * sin(x1) * cos(x2),0.9999999998597432,-5.99920508744038*(2.95535650476004e-6*X2 + exp(0.519*X1 + cos(1.444*X2))*sin(1.0*X1) - 2.15416097421549e-6)*exp(-0.519*X1 - cos(1.444*X2))*cos(1.0*X2 + 3.142)
6 * sin(x1) * cos(x2),0.9999999997784732,-1.0*sin(0.976*X1 + 1.018*X2) + 3.003003003003*sin(0.988*X1 + 1.009*X2) + 2.0*sin(0.999*X1 - 1.0*X2) + 1.0*sin(1.002*X1 - 1.001*X2) + 1.0*sin(1.012*X1 + 0.991*X2)
6 * sin(x1) * cos(x2),0.9999999995293136,-1.0*sin(0.113*X1 + sin(sin(0.37*X1 + 1.346*X2) - sin(0.37*X1 + 1.347*X2))) + 3.0*sin(1.0*X1 - 1.0*X2) + 3.0*sin(1.0*X1 + 1.0*X2) + 3.0*sin(0.351*sin(0.108*X1))
