Original,RMSE,Modelo
6 * sin(x1) * cos(x2),4.120172889925541,0.208104*X1 + 1.334*sin(0.894*X1 + 1.156*X2) + 1.334*sin(0.996*X1 - 1.013*X2) + 1.334*sin(1.088*X1 - 1.085*X2) - 1.334*cos(0.954*X1 + 1.204*X2 + 7.547) - 1.334*cos(cos(0.158*X1 - 1.595*X2)) + 0.753427999999999
6 * sin(x1) * cos(x2),4.173789106990192,1.24625627440059*exp(50.978*X2)*sin(1.0*X1 + 1.0*sin(exp(-50.385*X2)))*cos(1.0*X2)/(0.207*exp(50.978*X2) + 1)
6 * sin(x1) * cos(x2),4.173982239367924,14.01*exp(2430756.585488*X2 + 1.11893196064551e-5/X2**2)*sin(0.0587891360973079*sin(1.0*X1)*cos(1.0*X2))/(exp(1.11893196064551e-5/X2**2) + 0.13728720483251*exp(2430756.585488*X2))
6 * sin(x1) * cos(x2),4.242821189569579,-0.0447513105740954*X2 - 1.0*(0.038*X2 - cos(1.0*X1 - 0.998*X2))*(0.003*X1 - 0.009*X2 + cos(0.029*X1 - 0.019*X2) - 2.1) + 1.0*cos(1.0*X1 + 1.0*X2) - 3.19652218386396*cos(0.999*X1 - 0.997*X2 + 14.489) + 3.16455696202532*cos(1.0*X1 + 1.0*X2 - 1.893)
6 * sin(x1) * cos(x2),7.850450909643284,-0.266*X1*exp(-5.53*X2) + 15.371*X2*exp(-5.53*X2) + 4.0*sin(1.0*X1 + 0.999*X2) - 1.0*sin(1.001*X1 + 0.996*X2) - 3.0*sin(1.0*X1 - 1.0*X2 + 9.42532005689901) - 4.0*exp(-4.348*X2) + 1.94931773879142*exp(-5.53*X2)*cos(0.372*X1 + 2.481*X2)/X2
