Original,R2,Modelo,RMSE
2 * Cain / (1 + exp(-5.7 * t)),-3.462494621601695,0.19817*X1 - 0.0470577281191806*X1/X2 + 0.30058*X2*exp(-0.836*X2) - 0.19*cos(0.154*X2) + 0.069,4.481757001562229
Cain * (4.1104 * exp(-6 * t) + 0.2163 - 4.3267 * exp(-5.7 * t)),0.6760740704141919,(0.362851938*X1*X2 - 0.137757*X1 + 0.001*exp(0.444*X2))*exp(-0.444*X2),0.12165568731938514
