Original,R2,Modelo
2 * Cain / (1 + exp(-5.7 * t)),0.9999712347911772,1.99512*X1 + 0.031296*X2 + 1.956*exp(0.200704*X2**2*exp(-1.338*X2)) - 2.111
Cain * (4.1104 * exp(-6 * t) + 0.2163 - 4.3267 * exp(-5.7 * t)),0.9998942719244828,0.223374*X1 - 0.0128380596487742*X1/X2**2 + 0.177*cos(0.183*X2*cos(cos(0.395*X1))) - 0.175
Cain * (-8.455 * exp(-5 * t) - 16.442 * exp(-6 * t) + 24.724 * exp(-5.7 * t) + 0.173),0.9982460562479848,0.19817*X1 - 0.0470577281191806*X1/X2 + 0.30058*X2*exp(-0.836*X2) - 0.19*cos(0.154*X2) + 0.069
Cain * (-1 * exp(-2 * t) + 8.455 * exp(-5 * t) + 12.3315 * exp(-6 * t) - 20.045 * exp(-5.7 * t) + 0.26),0.9996829322657476,(0.362851938*X1*X2 - 0.137757*X1 + 0.001*exp(0.444*X2))*exp(-0.444*X2)
