Original,R2,Modelo,RMSE
exp(-((x0 + 1) ** 2)) / (1.2 + (x1 - 2.5) ** 2),0.9491541524764312,-0.078 + 0.215*exp(sin(1.482*X1))/(0.275*X2 + cos(0.997*X2) + cos(sin(0.861*X2)**2)),0.04591704634163166
(exp(-x1) * x1 ** 3 * cos(x1) * sin(x1) * (cos(x1) * (sin(x1) ** 2) - 1)),0.9815150948193389,-0.394*exp(sin(0.334*X1))*sin(1.994*X1)*sin(0.295*X1 + sin(0.334*X1))**2,0.04118216350695911
(exp(-x1) * x1 ** 3 * cos(x1) * sin(x1) * (cos(x1) * (sin(x1) ** 2) - 1) * (x2 - 5)),0.11513033361114589,0.968*sin(1.992*X1 + 0.306*X2 - sin(0.466489*X2**2)),0.9455121749127097
10 / (5 + (x1 - 3) ** 2 + (x2 - 3) ** 2 + (x3 - 3) ** 2 + (x4 - 3) ** 2 + (x5 - 3) ** 2),0.6594402118869334,0.863*sin(0.508*X1)*sin(0.506*X3)*sin(0.508*X4)*sin(0.511*X5) + 0.392,0.10813820273339042
30 * ((x1-1)*(x3-1) / ((x2**2) * (x1 - 10))),0.5817871899082276,1.073 - 1.442*cos((1.314*X1 - 1.321*X3)*exp(-0.287*X2 + exp(-1.392*X2))),0.5742749279959782
6 * sin(x1) * cos(x2),0.9999978212992172,2.999*sin(0.999*X1)*cos(1.002*X2) + 2.999*sin(1.002*X1)*cos(0.999*X2) + 0.001,0.004427351169360742
(x1 - 3) * (x2 - 3) + 2 * sin((x1 - 4) * (x2 - 4)),0.9335324254757342,-10.653*(0.0650000000000002*X1 - sin(sin(0.777*X1)))*cos(0.454*X2) - 0.002,1.3661492882250197
((x1 - 3) ** 4 + (x2 - 3) ** 3 - (x2 - 3)) / ((x2 - 2) ** 4 + 10),0.6983777833094742,19.189 - 19.702*cos((0.318*X1 - exp(-0.016*X2))*sin(cos(0.106*X1 - cos(0.483*X2)))),1.3948253871724592
