Original,R2,Modelo,RMSE
exp(-((x0 + 1) ** 2)) / (1.2 + (x1 - 2.5) ** 2),0.947562487819046,0.021*exp(exp(sin(0.627*X2)) + sin(1.48*X1)) - 0.072,0.04662893666217211
(exp(-x1) * x1 ** 3 * cos(x1) * sin(x1) * (cos(x1) * (sin(x1) ** 2) - 1)),0.8868249069724534,0.299*sin(1.28*X1)*cos(1.607*X1) - 0.299*sin(2.069*X1) - 0.299*cos(1.482*X1) + 0.128,0.1019051162136133
(exp(-x1) * x1 ** 3 * cos(x1) * sin(x1) * (cos(x1) * (sin(x1) ** 2) - 1) * (x2 - 5)),-0.025343703902608983,0.963*sin(1.957*X1 - 0.215*X2*exp(0.252*X2) + 0.51*X2) + 0.005,1.0177992808188039
10 / (5 + (x1 - 3) ** 2 + (x2 - 3) ** 2 + (x3 - 3) ** 2 + (x4 - 3) ** 2 + (x5 - 3) ** 2),0.6110892008466091,-0.113*cos(1.04*X1) - 0.113*cos(1.028*X3) - 0.113*cos(1.04*X4) - 0.113*cos(1.025*X5) + 0.546,0.11555962718609526
30 * ((x1-1)*(x3-1) / ((x2**2) * (x1 - 10))),0.543730967062372,-(0.093492*X2 + 0.294*sin(1.6*X1) + 0.778*cos(1.595*X1 + 1.534*X3))/(0.318*X2 + sin(1.6*X1)),0.5998366979093491
6 * sin(x1) * cos(x2),0.999999730758861,-13.2673096349675*sin(1.0*X1)*cos(1.0*X2),0.00155802305945674
(x1 - 3) * (x2 - 3) + 2 * sin((x1 - 4) * (x2 - 4)),0.9442561094757129,-0.023 + 5.28301886792453*exp(0.467*X1)*sin(0.854*X1)*cos(0.455*X2)/X1,1.251101786463421
((x1 - 3) ** 4 + (x2 - 3) ** 3 - (x2 - 3)) / ((x2 - 2) ** 4 + 10),0.7742898789680287,0.174*exp(exp(cos(1.044*X1)) + sin(0.692*X2)) - 0.582,1.2066006225772568
