Original,R2,Modelo,RMSE
exp(-((x0 + 1) ** 2)) / (1.2 + (x1 - 2.5) ** 2),0.952924644589602,0.022*exp(exp(cos(cos(0.629*X2))) + sin(1.473*X1)) - 0.091,0.0441803897844101
(exp(-x1) * x1 ** 3 * cos(x1) * sin(x1) * (cos(x1) * (sin(x1) ** 2) - 1)),0.9772574954197478,-0.267*(sin(0.112*X1) + sin(0.401*X1))*exp(sin(0.617*X1))*sin(1.994*X1) + 0.004,0.04568072931477912
(exp(-x1) * x1 ** 3 * cos(x1) * sin(x1) * (cos(x1) * (sin(x1) ** 2) - 1) * (x2 - 5)),0.9207038229365585,3.789*sin(1.994*X1)*sin(exp(cos(0.367*X1)))**2*cos(0.306*X2) + 0.001,0.2830439965595071
10 / (5 + (x1 - 3) ** 2 + (x2 - 3) ** 2 + (x3 - 3) ** 2 + (x4 - 3) ** 2 + (x5 - 3) ** 2),0.6595415091001768,0.863*sin(0.508*X1)*sin(0.507*X3)*sin(0.508*X4)*sin(0.511*X5) + 0.392,0.10812203482659104
30 * ((x1-1)*(x3-1) / ((x2**2) * (x1 - 10))),0.7875185302057901,0.402702948*(X1 - 0.970654627539503*X3)**2 - 0.44688*(X1 + 0.919285714285714*X3 - 0.714285714285714*exp(cos(0.138*X1)))**2 + 0.018,0.4093375806877562
6 * sin(x1) * cos(x2),0.9992941926319138,3.021*sin(1.005*X1 - 1.004*X2) + 3.021*sin(1.012*X1 + 0.987*X2) - 0.023,0.07970239792025764
(x1 - 3) * (x2 - 3) + 2 * sin((x1 - 4) * (x2 - 4)),0.9375965858432465,6.478*(0.312*X1 - 0.44*X2 + cos(0.083393*X1*X2))*sin(sin(0.848*X1)) + 0.584,1.323722480233474
((x1 - 3) ** 4 + (x2 - 3) ** 3 - (x2 - 3)) / ((x2 - 2) ** 4 + 10),0.5686057154678226,6.597*exp(-0.007695*X1*X2 - 0.045*X1*sin(exp(1.414*X2)) - sin(0.545*X1)) - 2.667,1.6681127879311715
