Original,R2,Modelo,RMSE
exp(-((x0 + 1) ** 2)) / (1.2 + (x1 - 2.5) ** 2),0.9469181198242291,0.123*exp(sin(1.484*X1) + sin(0.631*X2)**4) - 0.075,0.046915916465803426
(exp(-x1) * x1 ** 3 * cos(x1) * sin(x1) * (cos(x1) * (sin(x1) ** 2) - 1)),0.9759473120058153,-2.529425*X1*exp(-0.657*X1)*sin(0.383*X1)**2*sin(1.992*X1) - 0.002,0.0469756908943918
(exp(-x1) * x1 ** 3 * cos(x1) * sin(x1) * (cos(x1) * (sin(x1) ** 2) - 1) * (x2 - 5)),0.9186182144410533,7.787664*X1*exp(-0.588*X1)*sin(0.355*X1)*sin(1.99*X1)*cos(0.305*X2) + 0.001,0.2867425256392159
10 / (5 + (x1 - 3) ** 2 + (x2 - 3) ** 2 + (x3 - 3) ** 2 + (x4 - 3) ** 2 + (x5 - 3) ** 2),0.7096321789592215,0.206*(sin(0.523*X1) + sin(0.519*X4))*(sin(0.52*X3) + sin(0.523*X5)) + 0.216,0.09985214948881056
30 * ((x1-1)*(x3-1) / ((x2**2) * (x1 - 10))),0.7698833545158998,-1.051*cos(0.977*X1 - 0.952*X3) + 1.051*cos(-0.983*X1 + cos(0.792*X3) + exp(-1.388*X3)) - 0.003,0.42598777563091067
6 * sin(x1) * cos(x2),0.9999954642486998,5.996*sin(1.0*X1)*cos(1.0*X2) + 5.996*cos(1.36612021857923*sin(0.107*X1)/X1) - 5.933,0.006387426804734342
(x1 - 3) * (x2 - 3) + 2 * sin((x1 - 4) * (x2 - 4)),0.906651594803535,-13.322*(0.274*X2 - cos(exp(-0.487*X1)))*sin(0.853*X1) + 0.358,1.61900176357574
((x1 - 3) ** 4 + (x2 - 3) ** 3 - (x2 - 3)) / ((x2 - 2) ** 4 + 10),0.8636698464308699,3.739*((0.145*X2 + cos(0.28*X2))**2 - sin(0.526*X1))**2 - 0.425,0.9377426533481135
