Original,R2,Modelo,RMSE
exp(-((x0 + 1) ** 2)) / (1.2 + (x1 - 2.5) ** 2),0.9608971049892275,0.348*exp(sin(1.414*X1))*sin(0.518*X2)*sin(0.697*X2)*cos(0.441*X1) + 0.001,0.04026338857456892
(exp(-x1) * x1 ** 3 * cos(x1) * sin(x1) * (cos(x1) * (sin(x1) ** 2) - 1)),0.7865680708296354,-0.21*sin(1.999*X1) + 0.21*sin(sin(cos(0.578*X1))) - 0.21*cos(1.473*X1) + 0.21*cos(2.424*X1) + 0.049,0.13994439736593828
(exp(-x1) * x1 ** 3 * cos(x1) * sin(x1) * (cos(x1) * (sin(x1) ** 2) - 1) * (x2 - 5)),-0.19999220588419586,0.892*sin(2.028*X1 + 6.061444*X2**2) - 0.004,1.1010724432665986
10 / (5 + (x1 - 3) ** 2 + (x2 - 3) ** 2 + (x3 - 3) ** 2 + (x4 - 3) ** 2 + (x5 - 3) ** 2),0.7096414036548586,0.206*(sin(0.522*X1) + sin(0.519*X4))*(sin(0.519*X3) + sin(0.522*X5)) + 0.215,0.09985021530490339
30 * ((x1-1)*(x3-1) / ((x2**2) * (x1 - 10))),0.7560458804359248,2.727 - 2.792*cos(0.591*X1 - 0.571*X3)/cos(0.558*X1 - exp(-0.686*X3)),0.43860709274584136
6 * sin(x1) * cos(x2),0.999998497023872,6.001*sin(1.0*X1)*cos(1.0*X2)*cos(sin(0.009*X2)) + 0.001,0.0036766516735715804
(x1 - 3) * (x2 - 3) + 2 * sin((x1 - 4) * (x2 - 4)),0.9330908516672165,22.31*sin(exp(cos(0.015376*X1**2)))*sin(sin(0.85*X1))*cos(0.452*X2) - 0.008,1.3706790999550342
((x1 - 3) ** 4 + (x2 - 3) ** 3 - (x2 - 3)) / ((x2 - 2) ** 4 + 10),0.7921943077850383,5.831*(sin(0.519*X1) - cos(sin(0.253*X2)**4))**2 - 0.189,1.1577553979830917
