Original,R2,Modelo,RMSE
exp(-((x0 + 1) ** 2)) / (1.2 + (x1 - 2.5) ** 2),0.9475760718293007,0.021*exp(exp(sin(0.627*X2)) + sin(1.48*X1)) - 0.072,0.04662284202262716
(exp(-x1) * x1 ** 3 * cos(x1) * sin(x1) * (cos(x1) * (sin(x1) ** 2) - 1)),0.9707990724699286,0.003 - 1.4*exp(-0.039204*X1**2)*sin(0.41*X1)**2*sin(1.993*X1),0.05175957419946568
(exp(-x1) * x1 ** 3 * cos(x1) * sin(x1) * (cos(x1) * (sin(x1) ** 2) - 1) * (x2 - 5)),0.5081401836591055,-0.419650134*X1*X2*exp(-0.339*X1)*sin(1.978*X1) + 1.583*sin(1.978*X1) - 0.042,0.7049329761443902
10 / (5 + (x1 - 3) ** 2 + (x2 - 3) ** 2 + (x3 - 3) ** 2 + (x4 - 3) ** 2 + (x5 - 3) ** 2),0.7096070417761022,0.206*(sin(0.523*X1) + sin(0.519*X4))*(sin(0.52*X3) + sin(0.523*X5)) + 0.216,0.0998564451439759
30 * ((x1-1)*(x3-1) / ((x2**2) * (x1 - 10))),0.7384703433397927,0.412596954*(X1 - X3)**2 - 0.506*cos(1.259*X1 + 0.452229299363057*X1/X2 + 1.546*X3) - 0.485,0.45413207515917386
6 * sin(x1) * cos(x2),0.9999786958794389,2.996*sin(0.998*X1 + 1.002*X2) + 2.996*sin(1.002*X1 - 1.002*X2) + 0.002,0.013845327649858052
(x1 - 3) * (x2 - 3) + 2 * sin((x1 - 4) * (x2 - 4)),0.9466433948208078,11.92*(0.416*X1 - 0.449*X2 + cos(0.416*X1))*sin(cos(exp(0.034225*X1**2))) + 0.659,1.224018068792072
((x1 - 3) ** 4 + (x2 - 3) ** 3 - (x2 - 3)) / ((x2 - 2) ** 4 + 10),0.46936906498774356,0.338*exp(exp(cos(0.991*X1 + 0.18*X2))) - 0.511,1.850053528032627
