Original,R2,Modelo,RMSE
exp(-((x0 + 1) ** 2)) / (1.2 + (x1 - 2.5) ** 2),0.9399331227944915,0.134*exp(sin(1.479*X1) + sin(0.2116*X2**2*sin(0.795*X2)**2)) - 0.079,0.04990582544465319
(exp(-x1) * x1 ** 3 * cos(x1) * sin(x1) * (cos(x1) * (sin(x1) ** 2) - 1)),0.8389909838294556,-0.181*sin(1.971*X1) - 0.181*sin(2.097*X1) + 0.181*sin(2.836*X1) - 0.181*cos(1.459*X1) + 0.028,0.12154550963324094
(exp(-x1) * x1 ** 3 * cos(x1) * sin(x1) * (cos(x1) * (sin(x1) ** 2) - 1) * (x2 - 5)),0.677555410936312,3.649*sin(1.973*X1)*sin(sin(0.411*X1)**2*cos(0.31*X2)) + 0.001,0.5707630135890482
10 / (5 + (x1 - 3) ** 2 + (x2 - 3) ** 2 + (x3 - 3) ** 2 + (x4 - 3) ** 2 + (x5 - 3) ** 2),0.6111667993280646,-0.113*cos(1.039*X1) - 0.113*cos(1.029*X3) - 0.113*cos(1.039*X4) - 0.113*cos(1.026*X5) + 0.546,0.11554819611950384
30 * ((x1-1)*(x3-1) / ((x2**2) * (x1 - 10))),0.865674342381825,1.31408*X3*cos(1.598*X1) - 1.528*sin(1.414*X2 - 0.597*X3)*cos(1.585*X1) + 0.012,0.32546180496918037
6 * sin(x1) * cos(x2),0.5201560118227052,4.592*sin(0.767*X1 + 1.121*X2 + sin(1.821*X1)) + 0.462,2.0781129776833995
(x1 - 3) * (x2 - 3) + 2 * sin((x1 - 4) * (x2 - 4)),0.9324556244705426,18.8*sin(0.365*X1)*cos(0.429*X1)*cos(0.453*X2) - 0.015,1.3771705632773248
((x1 - 3) ** 4 + (x2 - 3) ** 3 - (x2 - 3)) / ((x2 - 2) ** 4 + 10),-1.1340947400641824e+33,0.05*exp(0.099225*X1**2 + sin(0.707*X2)/sin(0.429*X1)) + 0.024,8.55288924566673e+16
