Original,R2,Modelo,RMSE
exp(-((x0 + 1) ** 2)) / (1.2 + (x1 - 2.5) ** 2),0.8802555286890884,0.312*exp(sin(1.482*X1))*sin(0.627*X2)**2 - 0.055,0.07046005108325906
(exp(-x1) * x1 ** 3 * cos(x1) * sin(x1) * (cos(x1) * (sin(x1) ** 2) - 1)),0.962894707854346,-0.546*(sin(0.59*X1) + sin(sin(0.265*X1)))*sin(0.463*X1)*sin(1.991*X1),0.05834692205333597
(exp(-x1) * x1 ** 3 * cos(x1) * sin(x1) * (cos(x1) * (sin(x1) ** 2) - 1) * (x2 - 5)),0.9412621797517791,5.216*sin(1.992*X1)*sin(sin(0.459*X1)**2)*cos(0.161*X1)*cos(0.306*X2) + 0.002,0.2436042163715077
10 / (5 + (x1 - 3) ** 2 + (x2 - 3) ** 2 + (x3 - 3) ** 2 + (x4 - 3) ** 2 + (x5 - 3) ** 2),0.7096305616428888,0.206*(sin(0.523*X1) + sin(0.519*X4))*(sin(0.52*X3) + sin(0.523*X5)) + 0.216,0.09985250650906818
30 * ((x1-1)*(x3-1) / ((x2**2) * (x1 - 10))),0.9524554736385688,(0.003*X2**2 + (2.72669640775735*X3 - 2.7347476766779)*cos(1.592*X1))/X2**2,0.1936277745384053
6 * sin(x1) * cos(x2),0.9999999535262842,6.001*sin(1.0*X1)*cos(1.0*X2)*cos(sin(0.035*X2*exp(-0.704*X2))),0.0006494129089340379
(x1 - 3) * (x2 - 3) + 2 * sin((x1 - 4) * (x2 - 4)),0.9360923515137456,14.319*sin(0.848*X1)*cos(0.457*X2)*cos(cos(0.218*X1*cos(0.433*X2))) + 0.026,1.3395823245186111
((x1 - 3) ** 4 + (x2 - 3) ** 3 - (x2 - 3)) / ((x2 - 2) ** 4 + 10),0.4588056328207759,0.282*exp(exp(cos(1.054*X1))) - 0.5,1.868382331769939
