Original,R2,Modelo,RMSE
exp(-((x0 + 1) ** 2)) / (1.2 + (x1 - 2.5) ** 2),0.9475377052558329,0.021*exp(exp(sin(0.628*X2)) + sin(1.481*X1)) - 0.072,0.04664009080671395
(exp(-x1) * x1 ** 3 * cos(x1) * sin(x1) * (cos(x1) * (sin(x1) ** 2) - 1)),0.6899003661069383,-0.284*exp(cos(1.604*X1)) + 0.284*cos(2.368*X1) + 0.378,0.16868290078497275
(exp(-x1) * x1 ** 3 * cos(x1) * sin(x1) * (cos(x1) * (sin(x1) ** 2) - 1) * (x2 - 5)),0.937923050642097,4.619*sin(0.459*X1)**2*sin(1.983*X1)*cos(0.162*X1)*cos(0.306*X2) + 0.001,0.25043287899876177
10 / (5 + (x1 - 3) ** 2 + (x2 - 3) ** 2 + (x3 - 3) ** 2 + (x4 - 3) ** 2 + (x5 - 3) ** 2),0.6110380323667561,-0.113*cos(1.04*X1) - 0.113*cos(1.026*X3) - 0.113*cos(1.04*X4) - 0.113*cos(1.026*X5) + 0.546,0.11556740981076094
30 * ((x1-1)*(x3-1) / ((x2**2) * (x1 - 10))),0.812640653133797,(-0.766599372*X1*X3 + 0.76725*X1 + 0.757702*X3)*exp(exp(-0.185*X2)) - 1.621,0.3843783966156532
6 * sin(x1) * cos(x2),0.03883110913475052,4.394 - 3.055*exp(cos(1.534*X2 + exp(0.325*X1))),2.941159949162798
(x1 - 3) * (x2 - 3) + 2 * sin((x1 - 4) * (x2 - 4)),0.9891844469168579,((-0.75338016*X1*X2 + 2.922504*X1 - 0.2652*X2)*sin(0.862*X1) + 0.74*sin(0.322*X1))/sin(0.322*X1),0.5510837618220353
((x1 - 3) ** 4 + (x2 - 3) ** 3 - (x2 - 3)) / ((x2 - 2) ** 4 + 10),0.4588762795962883,2.037*exp(cos(1.028*X1) - exp(-1.482*X1*(sin(0.749*X2) + sin(cos(1.849*X1))))) - 0.411,1.8682536517172672
