Original,R2,Modelo,RMSE
exp(-((x0 + 1) ** 2)) / (1.2 + (x1 - 2.5) ** 2),0.9478500079057085,0.021*exp(exp(sin(0.628*X2)) + sin(1.479*X1)) - 0.072,0.04650099943471476
(exp(-x1) * x1 ** 3 * cos(x1) * sin(x1) * (cos(x1) * (sin(x1) ** 2) - 1)),0.8198130732694089,0.191*sin(1.103*X1) - 0.191*sin(1.879*X1) - 0.191*sin(2.015*X1) + 0.191*cos(2.535*X1) + 0.002,0.1285857010538359
(exp(-x1) * x1 ** 3 * cos(x1) * sin(x1) * (cos(x1) * (sin(x1) ** 2) - 1) * (x2 - 5)),0.9390084703943878,2.448*exp(cos(0.318*X1))*sin(0.407*X1)**2*sin(1.996*X1)*cos(0.306*X2) + 0.001,0.24823582597281624
10 / (5 + (x1 - 3) ** 2 + (x2 - 3) ** 2 + (x3 - 3) ** 2 + (x4 - 3) ** 2 + (x5 - 3) ** 2),0.6110242316457504,-0.113*cos(1.04*X1) - 0.113*cos(1.028*X3) - 0.113*cos(1.04*X4) - 0.113*cos(1.025*X5) + 0.546,0.11556910089758667
30 * ((x1-1)*(x3-1) / ((x2**2) * (x1 - 10))),0.9574946670051105,(9.554*(0.742*X1 - cos(0.611*X1 + 0.079*X2))*cos(1.556*X3) - 0.002*exp(1.448*X2))*exp(-1.448*X2),0.18308038603739546
6 * sin(x1) * cos(x2),0.3453919072293773,4.002*sin(0.699*X1 + 1.357*X2 + exp(-0.32*X2)*cos(1.205*X1 + 0.076*X2)) + 0.643,2.427224612788076
(x1 - 3) * (x2 - 3) + 2 * sin((x1 - 4) * (x2 - 4)),0.9339013389310075,13.877*sin(0.847*X1)*cos(0.463*X2)*cos(cos(0.251*X1 - 0.123*X2)) + 0.137,1.3623530981125862
((x1 - 3) ** 4 + (x2 - 3) ** 3 - (x2 - 3)) / ((x2 - 2) ** 4 + 10),0.7183300590949799,0.379*exp(exp(sin(exp(0.2*X2)))*cos(1.05*X1)) - 0.226,1.3479017753007294
