Original,R2,Modelo,RMSE
exp(-((x0 + 1) ** 2)) / (1.2 + (x1 - 2.5) ** 2),0.8957180594539124,0.094*exp(exp(sin(0.677*X2)))*sin(1.119*X1)*sin(exp(-0.914*X1 + 0.218*X2)) + 0.019,0.06575286140369414
(exp(-x1) * x1 ** 3 * cos(x1) * sin(x1) * (cos(x1) * (sin(x1) ** 2) - 1)),0.9803277949221918,(-0.343*(1.43*X1 - sin(1.343*X1))*sin(1.992*X1) - 0.001*exp(0.070756*X1**2))*exp(-0.070756*X1**2),0.04248519751079073
(exp(-x1) * x1 ** 3 * cos(x1) * sin(x1) * (cos(x1) * (sin(x1) ** 2) - 1) * (x2 - 5)),0.8432955878864894,1.141*exp(sin(0.508*X1))*sin(1.974*X1)*cos(0.305*X2),0.3978956032855479
10 / (5 + (x1 - 3) ** 2 + (x2 - 3) ** 2 + (x3 - 3) ** 2 + (x4 - 3) ** 2 + (x5 - 3) ** 2),0.6594368238415383,0.863*sin(0.509*X1)*sin(0.506*X3)*sin(0.508*X4)*sin(0.511*X5) + 0.392,0.10813964811969673
30 * ((x1-1)*(x3-1) / ((x2**2) * (x1 - 10))),0.817964509903856,1.501*sin(0.583*X1 + 1.061*X3) - 1.501*sin(1.055*X3 + cos(1.121*X1*cos(0.457*X2))) - 0.014,0.378878773993107
6 * sin(x1) * cos(x2),0.6202922914423288,4.549*sin(0.796*X1 + 1.081*X2 + sin(1.628*X1 + cos(sin(0.749*X1))**2)) + 0.47,1.8486054945242136
(x1 - 3) * (x2 - 3) + 2 * sin((x1 - 4) * (x2 - 4)),0.9026605768073669,(12.638268370607 - 3.683834*X2)*sin(0.849*X1) - 0.179,1.6532471379253972
((x1 - 3) ** 4 + (x2 - 3) ** 3 - (x2 - 3)) / ((x2 - 2) ** 4 + 10),0.912828846644237,10.412*sin(exp(-4*sin(0.526*X1))*sin(0.363*X2 + cos(0.464*X1)**2)**4) - 0.064,0.7498492011931771
