Original,R2,Modelo,RMSE
exp(-((x0 + 1) ** 2)) / (1.2 + (x1 - 2.5) ** 2),0.3524114271324913,0.098*X2*(2.2365*cos(0.918*X1) + 1.9835)*cos(0.135*X2 + cos(1.741*X2)) + 0.017,0.1638556225036728
(exp(-x1) * x1 ** 3 * cos(x1) * sin(x1) * (cos(x1) * (sin(x1) ** 2) - 1)),0.9721191693787222,0.208*(-cos(1.676*X1) + cos(2.313*X1))*exp(sin(0.632*X1)) + 0.002,0.05058116503106644
(exp(-x1) * x1 ** 3 * cos(x1) * sin(x1) * (cos(x1) * (sin(x1) ** 2) - 1) * (x2 - 5)),-0.7511825953662585,0.002 + 171054.484*exp(-1.364*X1)*sin(0.065*X1)**4*sin(1.991*X1)*cos(3.418*X2),1.3301270232890765
10 / (5 + (x1 - 3) ** 2 + (x2 - 3) ** 2 + (x3 - 3) ** 2 + (x4 - 3) ** 2 + (x5 - 3) ** 2),0.611069473712081,-0.113*cos(1.04*X1) - 0.113*cos(1.027*X3) - 0.113*cos(1.04*X4) - 0.113*cos(1.026*X5) + 0.546,0.11556278858461086
30 * ((x1-1)*(x3-1) / ((x2**2) * (x1 - 10))),0.6738497132042022,0.781912692*(0.843003412969283*X1 - X3)**2 + 0.253*(1.892*X1 + sin(2.074*X1))*sin(1.856*X3) - 0.745,0.5071419340619814
6 * sin(x1) * cos(x2),0.9999981037680107,5.998*sin(1.0*X1)*cos(1.0*X2) + 5.998*cos(cos(5.4700816e-5*X1**4)) - 3.241,0.004132787983148869
(x1 - 3) * (x2 - 3) + 2 * sin((x1 - 4) * (x2 - 4)),0.9222449110909878,-0.363592152*X2**2*sin(0.848*X1) + 0.524664*X2*sin(0.595*X1)**2*sin(0.848*X1) - 0.443 + 12.492*exp(-0.327*X2)*sin(0.848*X1),1.4776029214555342
((x1 - 3) ** 4 + (x2 - 3) ** 3 - (x2 - 3)) / ((x2 - 2) ** 4 + 10),0.8737882868395969,6.952*(sin(0.523*X1) - cos(0.318*X2 - cos(cos(cos(1.153*X2)))))**2 - 0.24,0.9022735650724758
