Original,R2,Modelo,RMSE
exp(-((x0 + 1) ** 2)) / (1.2 + (x1 - 2.5) ** 2),0.9472987781029453,0.021*exp(exp(sin(0.627*X2)) + sin(1.482*X1)) - 0.072,0.04674456760697122
(exp(-x1) * x1 ** 3 * cos(x1) * sin(x1) * (cos(x1) * (sin(x1) ** 2) - 1)),0.8735759790876513,-0.259*sin(2.031*X1) + 0.259*sin(2.826*X1) - 0.259*sin(0.000937890625*X1**4) - 0.259*cos(1.503*X1) + 0.074,0.10770513841429755
(exp(-x1) * x1 ** 3 * cos(x1) * sin(x1) * (cos(x1) * (sin(x1) ** 2) - 1) * (x2 - 5)),-1.965049070085723,5.566*sin(1.989*X1)*sin(5.229*X2/sin(cos(0.011*X1))) + 0.018,1.7307855120325444
10 / (5 + (x1 - 3) ** 2 + (x2 - 3) ** 2 + (x3 - 3) ** 2 + (x4 - 3) ** 2 + (x5 - 3) ** 2),0.659502629152728,0.863*sin(0.508*X1)*sin(0.506*X3)*sin(0.507*X4)*sin(0.511*X5) + 0.392,0.10812857193434307
30 * ((x1-1)*(x3-1) / ((x2**2) * (x1 - 10))),0.9600979117413265,-0.003 - 4.34603401994842*cos(1.552*X3)*cos(exp(0.445*X1))/(0.0486366985998526*X1 + X2)**2,0.17738564032021858
6 * sin(x1) * cos(x2),0.999996490268106,2.586*exp(sin(cos(0.002209*X2**2)))*sin(1.0*X1)*cos(1.0*X2) + 0.001,0.005619669569209926
(x1 - 3) * (x2 - 3) + 2 * sin((x1 - 4) * (x2 - 4)),0.8565089464861615,(-0.18536189*X1**2 + 0.512425*X2)*(0.573*X1 - 0.822*X2 + cos(1.356*X1)) + 3.18,2.0072686991850746
((x1 - 3) ** 4 + (x2 - 3) ** 3 - (x2 - 3)) / ((x2 - 2) ** 4 + 10),0.45851245179681277,0.282*exp(exp(cos(1.054*X1))) - 0.5,1.868887649287556
