Original,R2,Modelo,RMSE
exp(-((x0 + 1) ** 2)) / (1.2 + (x1 - 2.5) ** 2),0.9446651137779737,0.377*(sin(1.545*X1) + sin(0.588*X2))*sin(0.663*X2)*cos(0.586*X1 - 0.205*X2) + 0.002,0.04789307485326032
(exp(-x1) * x1 ** 3 * cos(x1) * sin(x1) * (cos(x1) * (sin(x1) ** 2) - 1)),0.8470031801490713,-0.297*exp(cos(1.621*X1)) + 0.297*cos(2.383*X1) + 0.1485*cos(0.884*X1 - 2*cos(0.149*X1)) + 0.3685,0.11848534042406648
(exp(-x1) * x1 ** 3 * cos(x1) * sin(x1) * (cos(x1) * (sin(x1) ** 2) - 1) * (x2 - 5)),0.1273828209901099,0.934*sin(1.961*X1 + 0.387*X2 + sin(sin(2.391*X2))) - 0.002,0.9389433158026965
10 / (5 + (x1 - 3) ** 2 + (x2 - 3) ** 2 + (x3 - 3) ** 2 + (x4 - 3) ** 2 + (x5 - 3) ** 2),0.709591099898974,0.206*(sin(0.523*X1) + sin(0.519*X4))*(sin(0.52*X3) + sin(0.522*X5)) + 0.215,0.0998590326302492
30 * ((x1-1)*(x3-1) / ((x2**2) * (x1 - 10))),0.9280997157576374,-0.002 - 0.473*cos(1.575*X1)*cos(1.549*X3)*cos(sin(1.638*X1))/sin(0.199809*X2**2),0.23811476998199077
6 * sin(x1) * cos(x2),0.3403618977606614,3.955*sin(0.76*X1 + 1.321*X2 + 0.33955857385399*cos(X1*(0.210667*X1 + 0.296947*X2))/X1) + 0.811,2.4365304695610703
(x1 - 3) * (x2 - 3) + 2 * sin((x1 - 4) * (x2 - 4)),0.9311546712668802,15.015*sin(0.845*X1)*sin(cos(cos(0.292*X1 - 0.144*X2)))*cos(0.459*X2) + 0.058,1.3903706458484417
((x1 - 3) ** 4 + (x2 - 3) ** 3 - (x2 - 3)) / ((x2 - 2) ** 4 + 10),0.5595622023740529,2.839 - 3.297*sin((0.434*X1*(1.105*X2 - exp(2.74869109947644*X2/X1)) - 0.35*X2)/(1.105*X2 - exp(2.74869109947644*X2/X1))),1.6855089184013943
