Original,R2,Modelo,RMSE
exp(-((x0 + 1) ** 2)) / (1.2 + (x1 - 2.5) ** 2),0.9475409696015458,0.021*exp(exp(sin(0.627*X2)) + sin(1.481*X1)) - 0.072,0.04663858441247896
(exp(-x1) * x1 ** 3 * cos(x1) * sin(x1) * (cos(x1) * (sin(x1) ** 2) - 1)),0.7517921737258147,-0.312*sin(0.304*X1) - 0.312*sin(2.063*X1) - 0.312*sin(cos(1.477*X1)) + 0.25,0.15091009369158426
(exp(-x1) * x1 ** 3 * cos(x1) * sin(x1) * (cos(x1) * (sin(x1) ** 2) - 1) * (x2 - 5)),-0.6755182170535219,3.192*sin(1.998*X1)*cos(3.417*X2)*cos(0.203*X1 - exp(-0.18*X1))**2,1.3010739110683953
10 / (5 + (x1 - 3) ** 2 + (x2 - 3) ** 2 + (x3 - 3) ** 2 + (x4 - 3) ** 2 + (x5 - 3) ** 2),0.7095665746406985,0.206*(sin(0.523*X1) + sin(0.518*X4))*(sin(0.521*X3) + sin(0.523*X5)) + 0.216,0.09986251311680382
30 * ((x1-1)*(x3-1) / ((x2**2) * (x1 - 10))),0.9094242944743512,4.19*cos(0.693*X2)*cos(1.555*X3)*cos(0.676*X1 - 2.22572347266881) - 0.001,0.2672569734353527
6 * sin(x1) * cos(x2),0.5303230950114426,4.577*sin(0.775*X1 + 1.119*X2 + sin(1.829*X1)) + 0.472,2.055979166803634
(x1 - 3) * (x2 - 3) + 2 * sin((x1 - 4) * (x2 - 4)),0.9476882912608174,(4.489254*X2 - 15.425802907916)*sin(0.124*X1 - sin(0.707*X1)) - 0.038,1.211972062493264
((x1 - 3) ** 4 + (x2 - 3) ** 3 - (x2 - 3)) / ((x2 - 2) ** 4 + 10),0.6459256221413017,1.027*exp(sin(sin(sin(sin(0.686*X2)))) + cos(1.04*X1)) - 1.029,1.5112475559120377
