Original,R2,Modelo,RMSE
exp(-((x0 + 1) ** 2)) / (1.2 + (x1 - 2.5) ** 2),,(-0.087*X2 + (-0.163*X2*cos(1.31*X2) + 0.105365223012282*exp(0.537*X2))*exp(sin(1.475*X1)))/X2,inf
(exp(-x1) * x1 ** 3 * cos(x1) * sin(x1) * (cos(x1) * (sin(x1) ** 2) - 1)),0.9679243125500305,-0.06*(exp(2*sin(0.478*X1)) - sin(2.544*X1))*(sin(1.905*X1) + sin(2.089*X1)) + 0.025,0.0542482611155245
(exp(-x1) * x1 ** 3 * cos(x1) * sin(x1) * (cos(x1) * (sin(x1) ** 2) - 1) * (x2 - 5)),0.2819086831317278,0.875*sin(1.955*X1 + 0.35*X2*cos(0.389*X2)) + 0.005,0.8517593535923749
10 / (5 + (x1 - 3) ** 2 + (x2 - 3) ** 2 + (x3 - 3) ** 2 + (x4 - 3) ** 2 + (x5 - 3) ** 2),0.6110647264462057,-0.113*cos(1.04*X1) - 0.113*cos(1.028*X3) - 0.113*cos(1.04*X4) - 0.113*cos(1.027*X5) + 0.546,0.11556346813120351
30 * ((x1-1)*(x3-1) / ((x2**2) * (x1 - 10))),0.9592794222199599,-3.271*exp(cos(0.070225*X1**2 - 1.473*X2))*cos(1.549*X1)*cos(exp(0.424*X3)) - 0.008,0.17919476575598345
6 * sin(x1) * cos(x2),0.999995543900488,6.001*sin(1.0*X1)*cos(1.0*X2)*cos(0.002828*X2**2*sin(1.504*X2)) + 0.001,0.006330909891884733
(x1 - 3) * (x2 - 3) + 2 * sin((x1 - 4) * (x2 - 4)),0.7034540087103558,(0.950819672131147*X1 - X2)**2*(-0.149493128525*X1 - 0.310796525*sin(0.481*X1) + 0.310796525*cos(0.741*X2)) + 3.687,2.8856225474600268
((x1 - 3) ** 4 + (x2 - 3) ** 3 - (x2 - 3)) / ((x2 - 2) ** 4 + 10),0.458546714769276,0.282*exp(exp(cos(1.054*X1))) - 0.5,1.8688246759857707
