Original,R2,Modelo,RMSE
exp(-((x0 + 1) ** 2)) / (1.2 + (x1 - 2.5) ** 2),0.5004697881928806,0.055*exp(exp(sin(1.068*X1 + exp(cos(1.16*X1 - cos(1.174*X2)))))) - 0.071,0.14391196557546462
(exp(-x1) * x1 ** 3 * cos(x1) * sin(x1) * (cos(x1) * (sin(x1) ** 2) - 1)),0.0,((-0.004) + (0.306 * (sin((1.999 * X1)) / (((0.437 * X1) / (0.434 * X1)) - ((exp((0.343 * X1)) - (0.437 * X1)) / (0.372 * X1)))))),
(exp(-x1) * x1 ** 3 * cos(x1) * sin(x1) * (cos(x1) * (sin(x1) ** 2) - 1) * (x2 - 5)),-0.30104492167162555,0.912*cos(1.777*X1 + 2.699*X2 - sin(0.473*X1) + sin(0.473*X2)**2) - 0.004,1.1464987927751804
10 / (5 + (x1 - 3) ** 2 + (x2 - 3) ** 2 + (x3 - 3) ** 2 + (x4 - 3) ** 2 + (x5 - 3) ** 2),0.6594546703752018,0.863*sin(0.509*X1)*sin(0.506*X3)*sin(0.508*X4)*sin(0.511*X5) + 0.392,0.10813693026591949
30 * ((x1-1)*(x3-1) / ((x2**2) * (x1 - 10))),0.7865967873782743,-1.630834764*X1*X3 + 1.633814*X1 + 1.622816*X3 - 1.631,0.4102253616778659
6 * sin(x1) * cos(x2),0.9999985386871598,-105.616415287605*sin(1.0*X1)*cos(1.0*X2) - 0.001,0.0036296128506601087
(x1 - 3) * (x2 - 3) + 2 * sin((x1 - 4) * (x2 - 4)),0.9357944115396941,14.186*sin(0.847*X1)*cos(0.464*X2)*cos(cos(0.227*X1*cos(0.413*X2))) + 0.064,1.3427026370747652
((x1 - 3) ** 4 + (x2 - 3) ** 3 - (x2 - 3)) / ((x2 - 2) ** 4 + 10),0.6592321048104758,0.68*exp(cos(1.026*X1) + cos(1.026*X1 + 0.33*X2 - sin(0.161604*X2**2))) - 0.402,1.4825779867670357
