Original,R2,Modelo,RMSE
exp(-((x0 + 1) ** 2)) / (1.2 + (x1 - 2.5) ** 2),0.8975452552383933,0.027*exp(exp(cos(sin(exp(sin(0.629*X2))))) + sin(1.474*X1)) - 0.091,0.06517601856163166
(exp(-x1) * x1 ** 3 * cos(x1) * sin(x1) * (cos(x1) * (sin(x1) ** 2) - 1)),0.9309752779113396,-0.278*sin(sin(2.04*X1)) + 0.278*cos(2.447*X1) - 0.278*cos(1.58*X1 + cos(0.6*X1)) - 0.005,0.07958047536975446
(exp(-x1) * x1 ** 3 * cos(x1) * sin(x1) * (cos(x1) * (sin(x1) ** 2) - 1) * (x2 - 5)),0.0,(0.002 + (0.415 * ((((0.831 * X2) - ((2.464 * X1) / (0.595 * X1))) * sin(((-1.989) * X1))) - sin(((0.395 * X2) + (2.718 * X1)))))),
10 / (5 + (x1 - 3) ** 2 + (x2 - 3) ** 2 + (x3 - 3) ** 2 + (x4 - 3) ** 2 + (x5 - 3) ** 2),0.6110321620326993,-0.113*cos(1.04*X1) - 0.113*cos(1.028*X3) - 0.113*cos(1.04*X4) - 0.113*cos(1.026*X5) + 0.546,0.11556788975510693
30 * ((x1-1)*(x3-1) / ((x2**2) * (x1 - 10))),-0.33235453657957104,(-1.258*X1 + (X1 + 0.215060240963855*X3)**2*(-0.3856296864*X1*X3 + 1.29425797437143))/X1,1.0250194692701826
6 * sin(x1) * cos(x2),0.33725202416645994,3.647*sin(0.745*X1 + 1.331*X2) + 0.748,2.4422667008306767
(x1 - 3) * (x2 - 3) + 2 * sin((x1 - 4) * (x2 - 4)),0.9070961214195638,-4.463*(0.0659999999999999*X1 - sin(0.815*X1))*(0.648*X1 - 0.707*X2 + sin(0.76*X1)) + 1.329,1.6151401789185575
((x1 - 3) ** 4 + (x2 - 3) ** 3 - (x2 - 3)) / ((x2 - 2) ** 4 + 10),0.6407236309235527,0.155*exp((0.873814041745731*cos(1.054*X1) + cos(0.03007*X2**2))**2) - 0.195,1.5223074766476392
