Original,R2,Modelo,RMSE
exp(-((x0 + 1) ** 2)) / (1.2 + (x1 - 2.5) ** 2),0.947911760385158,0.098*(exp(cos(cos(cos(1.275*X2)))) - cos(1.251*X2))*exp(sin(1.475*X1)) - 0.084,0.04647330365872316
(exp(-x1) * x1 ** 3 * cos(x1) * sin(x1) * (cos(x1) * (sin(x1) ** 2) - 1)),0.9637211764512938,-0.582*exp(cos(0.336*X1))*sin(0.398*X1)*sin(0.399*X1)*sin(1.992*X1) + 0.002,0.057692592960829514
(exp(-x1) * x1 ** 3 * cos(x1) * sin(x1) * (cos(x1) * (sin(x1) ** 2) - 1) * (x2 - 5)),-0.7243187479276711,0.555*exp(2*sin(0.522*X1))*sin(1.993*X1)*cos(3.42*X2) + 0.001,1.319884142931565
10 / (5 + (x1 - 3) ** 2 + (x2 - 3) ** 2 + (x3 - 3) ** 2 + (x4 - 3) ** 2 + (x5 - 3) ** 2),0.7096161281110404,0.206*(sin(0.522*X1) + sin(0.519*X4))*(sin(0.52*X3) + sin(0.522*X5)) + 0.215,0.09985484154120208
30 * ((x1-1)*(x3-1) / ((x2**2) * (x1 - 10))),0.720168285820227,-0.563*cos(1.414*X1 - 1.386*X3) - 0.563*cos(1.577*X1 + 1.567*X3) + 0.046,0.46975463068376927
6 * sin(x1) * cos(x2),0.9991147059478994,2.984*sin(0.989*X1 - 0.989*X2) + 2.984*sin(0.989*X1 + 1.01019011406844*X2) + 0.022,0.08926218418011703
(x1 - 3) * (x2 - 3) + 2 * sin((x1 - 4) * (x2 - 4)),0.9236644633472277,-6.338*(0.078*X1 - sin(0.792*X1))*(0.472*X1 - 0.498*X2 + sin(0.772*X1)) + 0.436,1.4640534671082708
((x1 - 3) ** 4 + (x2 - 3) ** 3 - (x2 - 3)) / ((x2 - 2) ** 4 + 10),0.4669473507218296,0.334*exp(exp(cos(1.084*X1 + X2**2*(0.018821096*X2 - 0.070756)))) - 0.723,1.8542712790959879
