Original,R2,Modelo,RMSE
exp(-((x0 + 1) ** 2)) / (1.2 + (x1 - 2.5) ** 2),0.9471336528360846,0.021*exp(exp(sin(0.628*X2)) + sin(1.482*X1)) - 0.072,0.04681971800421545
(exp(-x1) * x1 ** 3 * cos(x1) * sin(x1) * (cos(x1) * (sin(x1) ** 2) - 1)),0.0,(0.015 + (0.039 * (sin(((-1.992) * X1)) / (exp(((-1.940) * X1)) * exp(((((-0.586) * X1) ^ 2) / (((-1.265) * X1) / ((-1.098) * X1)))))))),
(exp(-x1) * x1 ** 3 * cos(x1) * sin(x1) * (cos(x1) * (sin(x1) ** 2) - 1) * (x2 - 5)),-0.0935054475773478,0.909*sin(1.994*X1 + 0.561001*X2**2 - 0.951*X2),1.0510843868462816
10 / (5 + (x1 - 3) ** 2 + (x2 - 3) ** 2 + (x3 - 3) ** 2 + (x4 - 3) ** 2 + (x5 - 3) ** 2),0.46721688349425816,0.269*sin(0.514*X3) + 0.269*sin(0.519*X4) + 0.269*sin(0.515*X5) + 0.028,0.13525644751960364
30 * ((x1-1)*(x3-1) / ((x2**2) * (x1 - 10))),0.9362380510988558,((-0.024845674784805*X1**4*exp(1.705*X2) - 11.205)*cos(1.55*X1)*cos(1.55*X3) - 0.002*exp(1.705*X2))*exp(-1.705*X2),0.2242336866113398
6 * sin(x1) * cos(x2),0.3031083145153669,3.623*sin(0.693*X1 + 1.404*X2*cos(sin(0.056169*X2**2*exp(-0.707*X1)))) + 0.749,2.504389002144159
(x1 - 3) * (x2 - 3) + 2 * sin((x1 - 4) * (x2 - 4)),0.7594145810770256,-0.457340184*X1**2 + 1.26996162*X1*X2 - 1.392336*X1 - 3.755088*X2 + 9.598,2.5991311481214967
((x1 - 3) ** 4 + (x2 - 3) ** 3 - (x2 - 3)) / ((x2 - 2) ** 4 + 10),0.47494337575458845,0.348*exp(exp(cos(1.042*X1 + 0.0324*X2**2))) - 0.663,1.840312576913657
