Original,R2,Modelo,RMSE
exp(-((x0 + 1) ** 2)) / (1.2 + (x1 - 2.5) ** 2),0.9469753071367215,0.021*exp(exp(sin(0.627*X2)) + sin(1.483*X1)) - 0.072,0.04688912255307543
(exp(-x1) * x1 ** 3 * cos(x1) * sin(x1) * (cos(x1) * (sin(x1) ** 2) - 1)),0.9831271162610055,(-1.714*(1.076*X1 - sin(1.174*X1))*sin(1.995*X1) - 0.009*exp(0.643*X1))*exp(-0.643*X1),0.03934881480188957
(exp(-x1) * x1 ** 3 * cos(x1) * sin(x1) * (cos(x1) * (sin(x1) ** 2) - 1) * (x2 - 5)),0.0,(0.757 + (1.464 * sin((sin((1.996 * X1)) - exp(sin((((1.071 * X2) / ((-0.151) * X2)) + (0.251 * X2)))))))),
10 / (5 + (x1 - 3) ** 2 + (x2 - 3) ** 2 + (x3 - 3) ** 2 + (x4 - 3) ** 2 + (x5 - 3) ** 2),0.6110349276705642,-0.113*cos(1.04*X1) - 0.113*cos(1.029*X3) - 0.113*cos(1.04*X4) - 0.113*cos(1.025*X5) + 0.546,0.11556704092746309
30 * ((x1-1)*(x3-1) / ((x2**2) * (x1 - 10))),0.7421786505323613,0.379981569*(X1 - 0.985419198055893*X3)**2 - 0.561*cos(1.584*X1 + 1.543*X3) - 0.487,0.45090148412989317
6 * sin(x1) * cos(x2),0.11785562483653811,4.118*sin(0.799*X1 + 1.305*X2 - exp(-0.984*X2 + 5.43478260869565*cos(2.304*X1)/X1)) + 0.645,2.817662316789017
(x1 - 3) * (x2 - 3) + 2 * sin((x1 - 4) * (x2 - 4)),0.9328565132952922,13.561*sin(0.847*X1)*cos(0.46*X2)*cos(cos(cos(0.406*X1) - exp(-0.239*X2))) + 0.222,1.3730783845521013
((x1 - 3) ** 4 + (x2 - 3) ** 3 - (x2 - 3)) / ((x2 - 2) ** 4 + 10),0.7139966774586632,-8.17*exp(2*cos(exp(cos(0.159*X2*cos(0.515*X1))))) - 2.005 + 8.17*exp(-sin(0.525*X1)),1.3582324720362275
