Original,R2,Modelo,RMSE
exp(-((x0 + 1) ** 2)) / (1.2 + (x1 - 2.5) ** 2),0.0,((-0.225) + (0.212 * exp(exp((((-0.321) * X1) * ((0.479 * X1) - (sin((1.432 * X1)) + (sin(((-1.898) * X2)) / (1.047 * X1))))))))),
(exp(-x1) * x1 ** 3 * cos(x1) * sin(x1) * (cos(x1) * (sin(x1) ** 2) - 1)),0.9638327302974173,-0.554*exp(cos(0.321*X1))*sin(0.404*X1)*sin(0.406*X1)*sin(1.991*X1) + 0.002,0.05760671321155384
(exp(-x1) * x1 ** 3 * cos(x1) * sin(x1) * (cos(x1) * (sin(x1) ** 2) - 1) * (x2 - 5)),0.8891138429332197,3.33*sin(1.995*X1)*sin(0.305*X1 + sin(0.307*X1))*cos(0.305*X2) + 0.001,0.3347077847695471
10 / (5 + (x1 - 3) ** 2 + (x2 - 3) ** 2 + (x3 - 3) ** 2 + (x4 - 3) ** 2 + (x5 - 3) ** 2),0.611079052170336,-0.113*cos(1.04*X1) - 0.113*cos(1.028*X3) - 0.113*cos(1.04*X4) - 0.113*cos(1.025*X5) + 0.546,0.11556104051041277
30 * ((x1-1)*(x3-1) / ((x2**2) * (x1 - 10))),0.7865692873009935,-1.630323552*X1*X3 + 1.634954*X1 + 1.623424*X3 - 1.632,0.4102514510652289
6 * sin(x1) * cos(x2),0.5090268085927339,2.579*sin(0.774*X1 + 1.293*X2)/cos(cos(1.071*X2)) + 0.639,2.1020734321100685
(x1 - 3) * (x2 - 3) + 2 * sin((x1 - 4) * (x2 - 4)),0.9693949169937606,-0.519219712*(X1 - 0.915441176470588*X2)**2 - 7.018*sin(0.424*X2 - sin(0.77*X1) + exp(-0.336*X1)) + 7.564,0.9270229788449149
((x1 - 3) ** 4 + (x2 - 3) ** 3 - (x2 - 3)) / ((x2 - 2) ** 4 + 10),0.737699949766651,0.132*exp(2*sin(0.634*X2) + 2*cos(1.035*X1)) - 0.132,1.3007313746393234
