Original,R2,Modelo,RMSE
exp(-((x0 + 1) ** 2)) / (1.2 + (x1 - 2.5) ** 2),0.9475009545353572,0.021*exp(exp(sin(0.627*X2)) + sin(1.481*X1)) - 0.072,0.04665589422436617
(exp(-x1) * x1 ** 3 * cos(x1) * sin(x1) * (cos(x1) * (sin(x1) ** 2) - 1)),0.9643302697125442,-1.194*sin(0.462*X1)*sin(1.994*X1)*sin(sin(0.458*X1))*cos(0.162*X1) - 0.002,0.05720864079258717
(exp(-x1) * x1 ** 3 * cos(x1) * sin(x1) * (cos(x1) * (sin(x1) ** 2) - 1) * (x2 - 5)),0.8375189842341113,1.321*exp(sin(0.693*X1 - 1.0*exp(-sin(0.306*X2))))*sin(1.994*X1)*cos(0.306*X2),0.4051631185589632
10 / (5 + (x1 - 3) ** 2 + (x2 - 3) ** 2 + (x3 - 3) ** 2 + (x4 - 3) ** 2 + (x5 - 3) ** 2),0.6150125332269705,-0.114*exp(sin(cos(1.038*X5))) - 0.114*cos(1.04*X1) - 0.114*cos(1.029*X3) - 0.114*cos(1.038*X4) + 0.684,0.1149757152479569
30 * ((x1-1)*(x3-1) / ((x2**2) * (x1 - 10))),0.7208029914254619,-0.567*cos(1.404*X1 - 1.369*X3) - 0.567*cos(1.594*X1 + 1.55*X3) + 0.05,0.46921870506960306
6 * sin(x1) * cos(x2),0.9992138166470842,2.978*sin(0.989*X1 + 1.012*X2) + 2.978*sin(0.993*X1 - 0.992*X2) + 0.026,0.08411645952327806
(x1 - 3) * (x2 - 3) + 2 * sin((x1 - 4) * (x2 - 4)),0.8085812654559428,8.083*sin(-0.24196*X1*X2 + 0.846*X1 + 0.813*X2) - 1.857,2.3183852801824965
((x1 - 3) ** 4 + (x2 - 3) ** 3 - (x2 - 3)) / ((x2 - 2) ** 4 + 10),0.7337357757004468,-2.65 + 7.221*exp(-sin(0.532*X1))*cos(cos(exp(0.188*X2))),1.3105207475887921
