Original,R2,Modelo,RMSE
exp(-((x0 + 1) ** 2)) / (1.2 + (x1 - 2.5) ** 2),0.9849853939813307,0.155*exp(sin(1.45*X1) + sin(cos(exp(cos(0.318*X1))))*cos(1.251*X2)) - 0.059,0.024951864853197614
(exp(-x1) * x1 ** 3 * cos(x1) * sin(x1) * (cos(x1) * (sin(x1) ** 2) - 1)),0.94105725121881,(0.035*exp(cos(0.965*X1)) - 0.187*sin(2.022*X1) - 0.187*cos(1.514*X1))*exp(-cos(0.965*X1)),0.07354114000846493
(exp(-x1) * x1 ** 3 * cos(x1) * sin(x1) * (cos(x1) * (sin(x1) ** 2) - 1) * (x2 - 5)),0.0632933354843277,0.941 - 1.883*cos(0.948*X1 + exp(0.028224*X2**2*sin(0.224*X2)**2))**2,0.9728122793079061
10 / (5 + (x1 - 3) ** 2 + (x2 - 3) ** 2 + (x3 - 3) ** 2 + (x4 - 3) ** 2 + (x5 - 3) ** 2),0.6593520016263578,0.864*sin(0.509*X1)*sin(0.507*X3)*sin(0.508*X4)*sin(0.511*X5) + 0.393,0.10815240715182803
30 * ((x1-1)*(x3-1) / ((x2**2) * (x1 - 10))),0.7234076679672365,-0.57*cos(1.427*X1 - 1.393*X3) - 0.57*cos(1.572*X1 + 0.052*X2 + 1.498*X3) + 0.033,0.4670264026576302
6 * sin(x1) * cos(x2),0.9999997357711534,5.86272133903162*sin(1.0*X1)*cos(1.0*X2),0.0015440659082912999
(x1 - 3) * (x2 - 3) + 2 * sin((x1 - 4) * (x2 - 4)),0.9307070660263156,7.768*exp(0.015129*X1**2)*sin(0.852*X1)*cos(0.452*X2) - 0.024,1.3948830136343664
((x1 - 3) ** 4 + (x2 - 3) ** 3 - (x2 - 3)) / ((x2 - 2) ** 4 + 10),0.7034504492120109,1.405*(sin(0.652*X2) + cos(2.114*X1))*(cos(1.063*X1) + cos(0.229*X2)) + 0.264,1.3830437492061949
