Original,R2,Modelo,RMSE
exp(-((x0 + 1) ** 2)) / (1.2 + (x1 - 2.5) ** 2),0.987751298057621,0.133*exp(1.234*X1*cos(0.833*X1) - cos(1.25*X2)) + 0.014,0.022537552126060525
(exp(-x1) * x1 ** 3 * cos(x1) * sin(x1) * (cos(x1) * (sin(x1) ** 2) - 1)),0.9651126183859794,-0.849*sin(1.99*X1)*sin(X1*(0.023409*X1 - 0.585))**2 + 0.001,0.05657712455595589
(exp(-x1) * x1 ** 3 * cos(x1) * sin(x1) * (cos(x1) * (sin(x1) ** 2) - 1) * (x2 - 5)),-0.7514819594545343,3.2952703881231*X1**4*exp(-1.394*X1)*sin(1.992*X1)*cos(3.418*X2) + 0.002,1.3302413424421555
10 / (5 + (x1 - 3) ** 2 + (x2 - 3) ** 2 + (x3 - 3) ** 2 + (x4 - 3) ** 2 + (x5 - 3) ** 2),0.6593962910362867,0.863*sin(0.509*X1)*sin(0.505*X3)*sin(0.508*X4)*sin(0.511*X5) + 0.392,0.10814549732590172
30 * ((x1-1)*(x3-1) / ((x2**2) * (x1 - 10))),0.9279195767367707,-0.002 - 0.184*cos(1.575*X1)*cos(1.548*X3)*cos(sin(1.638*X1))/sin(0.282*X2)**2,0.2384137497091464
6 * sin(x1) * cos(x2),0.24481876125133972,3.72*sin(0.164836*X1**2 + 1.3*X2 + exp(-0.307*X1)) + 0.673,2.607019479089303
(x1 - 3) * (x2 - 3) + 2 * sin((x1 - 4) * (x2 - 4)),0.9325856129569866,-9.381*(0.065*X1 - sin(0.791*X1))*cos(0.453*X2) - 0.012,1.375844890177639
((x1 - 3) ** 4 + (x2 - 3) ** 3 - (x2 - 3)) / ((x2 - 2) ** 4 + 10),0.9385726814710142,3.234*exp(-sin(0.513*X1) - sin(0.548*X1) + sin(sin(0.727*X2))) - 0.862,0.629461356598778
