Original,R2,Modelo,RMSE
exp(-((x0 + 1) ** 2)) / (1.2 + (x1 - 2.5) ** 2),0.9364303253929184,0.118*exp(sin(1.48*X1) - cos(X2*(1.137 + 1.919*exp(-1.185*X2)))) - 0.075,0.051339166237577
(exp(-x1) * x1 ** 3 * cos(x1) * sin(x1) * (cos(x1) * (sin(x1) ** 2) - 1)),0.811062133790921,-0.22*sin(1.864*X1) - 0.22*sin(2.099*X1) + 0.22*sin(2.811*X1) + 0.22*sin(sin(sin(1.098*X1))) - 0.002,0.13166861784405973
(exp(-x1) * x1 ** 3 * cos(x1) * sin(x1) * (cos(x1) * (sin(x1) ** 2) - 1) * (x2 - 5)),0.0,(0.005 + ((-0.978) * sin(((cos(((-0.921) * X2)) / (0.187 * X2)) + ((0.359 * X2) - (1.986 * X1)))))),
10 / (5 + (x1 - 3) ** 2 + (x2 - 3) ** 2 + (x3 - 3) ** 2 + (x4 - 3) ** 2 + (x5 - 3) ** 2),0.6593520309612596,0.863*sin(0.508*X1)*sin(0.507*X3)*sin(0.508*X4)*sin(0.512*X5) + 0.392,0.10815258525866049
30 * ((x1-1)*(x3-1) / ((x2**2) * (x1 - 10))),0.7777609746027074,1.548*sin(0.798*X1 + 0.774*X3) - 1.548*cos(0.757*X1 - 0.748*X3) + 0.017,0.4186307251588722
6 * sin(x1) * cos(x2),0.5301929165227901,4.581*sin(0.776*X1 + 1.118*X2 + sin(1.829*X1)) + 0.47,2.0562636109917256
(x1 - 3) * (x2 - 3) + 2 * sin((x1 - 4) * (x2 - 4)),0.9314189552599428,-0.021 + 16.532*exp(-sin(cos(0.031684*X1**2))**2)*sin(0.854*X1)*cos(0.453*X2),1.3876989751930937
((x1 - 3) ** 4 + (x2 - 3) ** 3 - (x2 - 3)) / ((x2 - 2) ** 4 + 10),0.45869871331316026,0.282*exp(exp(cos(1.054*X1))) - 0.5,1.8685632700230752
