Original,R2,Modelo,RMSE
exp(-((x0 + 1) ** 2)) / (1.2 + (x1 - 2.5) ** 2),0.8782049740868023,0.314*exp(sin(1.49*X1))*sin(0.613*X2)*sin(0.645*X2) - 0.054,0.2928243574755849
(exp(-x1) * x1 ** 3 * cos(x1) * sin(x1) * (cos(x1) * (sin(x1) ** 2) - 1)),0.8418167050945407,(-1.012*(exp(1.208*X1)*sin(1.99*X1) - 1)*sin(1.001903*X1**2*exp(-0.804*X1)) - 0.016*exp(1.208*X1))*exp(-1.208*X1),0.4324273270055278
(exp(-x1) * x1 ** 3 * cos(x1) * sin(x1) * (cos(x1) * (sin(x1) ** 2) - 1) * (x2 - 5)),0.2828428671748838,0.866*cos(1.728*X1 - 0.396*X2 + sin(4.008*X1)) - 0.02,1.1775228816310306
10 / (5 + (x1 - 3) ** 2 + (x2 - 3) ** 2 + (x3 - 3) ** 2 + (x4 - 3) ** 2 + (x5 - 3) ** 2),0.6600815482838311,0.859*sin(0.505*X1)*sin(0.505*X3)*sin(0.505*X4)*sin(0.505*X5) + 0.389,0.24256619523433406
30 * ((x1-1)*(x3-1) / ((x2**2) * (x1 - 10))),0.5928790496104955,3.401 - 3.748*cos((1.077*X1 - 1.087*X3)*exp(-0.434*X2)),1.0991144744182275
6 * sin(x1) * cos(x2),0.46217528528197227,4.41*sin(0.709*X1 + 1.175*X2 + sin(1.738*X1)) + 0.462,4.429133704637912
(x1 - 3) * (x2 - 3) + 2 * sin((x1 - 4) * (x2 - 4)),0.9310135873573924,-9.189*(0.083*X1 - sin(0.784*X1))*cos(0.443*X2) + 0.052,7.337336470158389
((x1 - 3) ** 4 + (x2 - 3) ** 3 - (x2 - 3)) / ((x2 - 2) ** 4 + 10),0.7131157053941246,12.037 - 12.151*cos(sin(0.521*X1) - cos(0.139*X2)),3.1813241455426504
