Original,R2,Modelo,RMSE
exp(-((x0 + 1) ** 2)) / (1.2 + (x1 - 2.5) ** 2),0.8536423109461537,0.307*exp(sin(1.479*X1))*sin(0.63*X2) - 0.101,0.2998986304927807
(exp(-x1) * x1 ** 3 * cos(x1) * sin(x1) * (cos(x1) * (sin(x1) ** 2) - 1)),0.8966141030229919,-0.459*sin(0.24*X1)*sin(1.972*X1) - 0.459*sin(0.606*X1)*sin(1.972*X1) + 0.011,0.42330719004906237
(exp(-x1) * x1 ** 3 * cos(x1) * sin(x1) * (cos(x1) * (sin(x1) ** 2) - 1) * (x2 - 5)),0.0,(0.001 + ((-1.653) * ((exp((((0.179 * X2) * ((-0.146) * X1)) / ((-1.256) * X1))) + ((-0.222) * X2)) * sin(((-1.988) * X1))))),
10 / (5 + (x1 - 3) ** 2 + (x2 - 3) ** 2 + (x3 - 3) ** 2 + (x4 - 3) ** 2 + (x5 - 3) ** 2),0.7098827163279449,0.203*(sin(0.53*X1) + sin(0.53*X4))*(sin(0.53*X3) + sin(0.53*X5)) + 0.231,0.2550973911281869
30 * ((x1-1)*(x3-1) / ((x2**2) * (x1 - 10))),-16590979.978714848,(-195.71*X2 + 304.496*X3 + ((-0.706*X2 + 1.115*X3)*cos(1.591*X1) + 0.015)*exp(83.638*X1))*exp(-83.638*X1),3617.3477396819876
6 * sin(x1) * cos(x2),0.5963785472189436,3.608*cos(0.256*X1*(0.092*X1 + 0.347*X2 - sin(1.052*X1)) + 0.118*X1 + 0.924*X2) + 0.783,3.9933828212396865
(x1 - 3) * (x2 - 3) + 2 * sin((x1 - 4) * (x2 - 4)),0.9117094289880397,12.136*sin(0.844*X1)*cos(0.457*X2)*cos(sin(0.586*X1)) - 0.047,7.197837981770796
((x1 - 3) ** 4 + (x2 - 3) ** 3 - (x2 - 3)) / ((x2 - 2) ** 4 + 10),0.63319628565278,10.298 - 10.385*cos(sin(0.525*X1) - cos(sin(0.092*X2))),3.137934694563963
