Original,R2,Modelo,RMSE
exp(-((x0 + 1) ** 2)) / (1.2 + (x1 - 2.5) ** 2),0.9489731285050965,0.318*exp(sin(1.443*X1) - cos(0.619*X2)**2) - 0.1,0.287773425086294
(exp(-x1) * x1 ** 3 * cos(x1) * sin(x1) * (cos(x1) * (sin(x1) ** 2) - 1)),0.9590689233074748,0.002 - 3.112*exp(-0.371*X1)*sin(0.371*X1)**2*sin(1.979*X1),0.4243424968077432
(exp(-x1) * x1 ** 3 * cos(x1) * sin(x1) * (cos(x1) * (sin(x1) ** 2) - 1) * (x2 - 5)),0.0,(0.007 + (0.886 * sin((((5.919 * X2) - ((-1.957) * X1)) - cos(((((-1.071) * X1) ^ 2) / (0.264 * X1))))))),
10 / (5 + (x1 - 3) ** 2 + (x2 - 3) ** 2 + (x3 - 3) ** 2 + (x4 - 3) ** 2 + (x5 - 3) ** 2),0.6066026299555654,-0.112*cos(1.05*X1) - 0.112*cos(1.047*X3) - 0.112*cos(1.055*X4) - 0.112*cos(1.047*X5) + 0.553,0.2494946721653553
30 * ((x1-1)*(x3-1) / ((x2**2) * (x1 - 10))),0.783564348574594,1.61994*X1 - 29.42688*X3 + 31.076255*X3*exp(-0.055*X1) - 1.613,1.141338072178564
6 * sin(x1) * cos(x2),0.5826731777366163,16.42*cos(cos(sin(X1*(0.259081*X1 - 0.93)) - cos(1.014*X2))) - 12.339,4.117834126604917
(x1 - 3) * (x2 - 3) + 2 * sin((x1 - 4) * (x2 - 4)),0.9329027106718755,-9.397*(0.065*X1 - sin(0.794*X1))*cos(0.449*X2) - 0.007,7.3251830312665
((x1 - 3) ** 4 + (x2 - 3) ** 3 - (x2 - 3)) / ((x2 - 2) ** 4 + 10),0.45464711000253843,5.836*cos(sin(0.505*X1))*cos(sin(exp((0.015*X1 - cos(0.504*X1))**2))) - 2.195,2.909083667289114
